command	path	resolved_path	package
1password2john	/bin/1password2john	/usr/share/john/1password2john.py	unowned
3cpio	/bin/3cpio	/usr/bin/3cpio	3cpio
7z	/bin/7z	/usr/bin/7z	7zip
7z2john	/bin/7z2john	/usr/share/john/7z2john.pl	unowned
7za	/bin/7za	/usr/bin/7za	7zip
7zr	/bin/7zr	/usr/bin/7zr	7zip
DPAPImk2john	/bin/DPAPImk2john	/usr/share/john/DPAPImk2john.py	unowned
GET	/bin/GET	/usr/bin/lwp-request	libwww-perl
HEAD	/bin/HEAD	/usr/bin/lwp-request	libwww-perl
POST	/bin/POST	/usr/bin/lwp-request	libwww-perl
[	/bin/[	/usr/bin/[	coreutils
ab	/bin/ab	/usr/bin/ab	apache2-utils
activate-global-python-argcomplete	/bin/activate-global-python-argcomplete	/usr/bin/activate-global-python-argcomplete	python3-argcomplete
addr2line	/bin/addr2line	/usr/bin/x86_64-linux-gnu-addr2line	binutils-x86-64-linux-gnu
adxcsouf2john	/bin/adxcsouf2john	/usr/share/john/adxcsouf2john.py	unowned
aem2john	/bin/aem2john	/usr/share/john/aem2john.py	unowned
agentxtrap	/bin/agentxtrap	/usr/bin/agentxtrap	snmp
aircrack-ng	/bin/aircrack-ng	/usr/bin/aircrack-ng	aircrack-ng
airdecap-ng	/bin/airdecap-ng	/usr/bin/airdecap-ng	aircrack-ng
airdecloak-ng	/bin/airdecloak-ng	/usr/bin/airdecloak-ng	aircrack-ng
airolib-ng	/bin/airolib-ng	/usr/bin/airolib-ng	aircrack-ng
aix2john	/bin/aix2john	/usr/share/john/aix2john.py	unowned
amass	/bin/amass	/usr/bin/amass	amass
andotp2john	/bin/andotp2john	/usr/share/john/andotp2john.py	unowned
androidbackup2john	/bin/androidbackup2john	/usr/share/john/androidbackup2john.py	unowned
androidfde2john	/bin/androidfde2john	/usr/share/john/androidfde2john.py	unowned
ansible2john	/bin/ansible2john	/usr/share/john/ansible2john.py	unowned
antdsparse	/bin/antdsparse	/usr/bin/antdsparse	python3-aesedb
apex2john	/bin/apex2john	/usr/share/john/apex2john.py	unowned
applenotes2john	/bin/applenotes2john	/usr/share/john/applenotes2john.py	unowned
appres	/bin/appres	/usr/bin/appres	x11-utils
apt	/bin/apt	/usr/bin/apt	apt
apt-cache	/bin/apt-cache	/usr/bin/apt-cache	apt
apt-cdrom	/bin/apt-cdrom	/usr/bin/apt-cdrom	apt
apt-config	/bin/apt-config	/usr/bin/apt-config	apt
apt-extracttemplates	/bin/apt-extracttemplates	/usr/lib/apt/apt-extracttemplates	unowned
apt-ftparchive	/bin/apt-ftparchive	/usr/bin/apt-ftparchive	apt-utils
apt-get	/bin/apt-get	/usr/bin/apt-get	apt
apt-mark	/bin/apt-mark	/usr/bin/apt-mark	apt
apt-sortpkgs	/bin/apt-sortpkgs	/usr/bin/apt-sortpkgs	apt-utils
apython	/bin/apython	/usr/bin/apython	python3-aioconsole
ar	/bin/ar	/usr/bin/x86_64-linux-gnu-ar	binutils-x86-64-linux-gnu
arch	/bin/arch	/usr/bin/arch	coreutils
aria_chk	/bin/aria_chk	/usr/bin/aria_chk	mariadb-server
aria_dump_log	/bin/aria_dump_log	/usr/bin/aria_dump_log	mariadb-server
aria_ftdump	/bin/aria_ftdump	/usr/bin/aria_ftdump	mariadb-server
aria_pack	/bin/aria_pack	/usr/bin/aria_pack	mariadb-server
aria_read_log	/bin/aria_read_log	/usr/bin/aria_read_log	mariadb-server
arpspoof	/bin/arpspoof	/usr/bin/arpspoof	dsniff
aruba2john	/bin/aruba2john	/usr/share/john/aruba2john.py	unowned
as	/bin/as	/usr/bin/x86_64-linux-gnu-as	binutils-x86-64-linux-gnu
ascii-xfr	/bin/ascii-xfr	/usr/bin/ascii-xfr	minicom
asmbcertreq	/bin/asmbcertreq	/usr/bin/asmbcertreq	python3-aiosmb
asmbclient	/bin/asmbclient	/usr/bin/asmbclient	python3-aiosmb
asmbgetfile	/bin/asmbgetfile	/usr/bin/asmbgetfile	python3-aiosmb
asmbscanner	/bin/asmbscanner	/usr/bin/asmbscanner	python3-aiosmb
asmbshareenum	/bin/asmbshareenum	/usr/bin/asmbshareenum	python3-aiosmb
asn1tools	/bin/asn1tools	/usr/bin/asn1tools	python3-asn1tools
asysocks-brute	/bin/asysocks-brute	/usr/bin/asysocks-brute	python3-asysocks
asysocks-portscan	/bin/asysocks-portscan	/usr/bin/asysocks-portscan	python3-asysocks
asysocks-proxy	/bin/asysocks-proxy	/usr/bin/asysocks-proxy	python3-asysocks
asysocks-sec	/bin/asysocks-sec	/usr/bin/asysocks-sec	python3-asysocks
asysocks-tunnel	/bin/asysocks-tunnel	/usr/bin/asysocks-tunnel	python3-asysocks
atk6-address6	/bin/atk6-address6	/usr/bin/atk6-address6	thc-ipv6
atk6-alive6	/bin/atk6-alive6	/usr/bin/atk6-alive6	thc-ipv6
atk6-connect6	/bin/atk6-connect6	/usr/bin/atk6-connect6	thc-ipv6
atk6-connsplit6	/bin/atk6-connsplit6	/usr/bin/atk6-connsplit6	thc-ipv6
atk6-covert_send6	/bin/atk6-covert_send6	/usr/bin/atk6-covert_send6	thc-ipv6
atk6-covert_send6d	/bin/atk6-covert_send6d	/usr/bin/atk6-covert_send6d	thc-ipv6
atk6-denial6	/bin/atk6-denial6	/usr/bin/atk6-denial6	thc-ipv6
atk6-detect-new-ip6	/bin/atk6-detect-new-ip6	/usr/bin/atk6-detect-new-ip6	thc-ipv6
atk6-detect_sniffer6	/bin/atk6-detect_sniffer6	/usr/bin/atk6-detect_sniffer6	thc-ipv6
atk6-dnsdict6	/bin/atk6-dnsdict6	/usr/bin/atk6-dnsdict6	thc-ipv6
atk6-dnsrevenum6	/bin/atk6-dnsrevenum6	/usr/bin/atk6-dnsrevenum6	thc-ipv6
atk6-dnssecwalk	/bin/atk6-dnssecwalk	/usr/bin/atk6-dnssecwalk	thc-ipv6
atk6-dos-new-ip6	/bin/atk6-dos-new-ip6	/usr/bin/atk6-dos-new-ip6	thc-ipv6
atk6-dump_dhcp6	/bin/atk6-dump_dhcp6	/usr/bin/atk6-dump_dhcp6	thc-ipv6
atk6-dump_router6	/bin/atk6-dump_router6	/usr/bin/atk6-dump_router6	thc-ipv6
atk6-exploit6	/bin/atk6-exploit6	/usr/bin/atk6-exploit6	thc-ipv6
atk6-extract_hosts6	/bin/atk6-extract_hosts6	/usr/bin/atk6-extract_hosts6	thc-ipv6
atk6-extract_networks6	/bin/atk6-extract_networks6	/usr/bin/atk6-extract_networks6	thc-ipv6
atk6-fake_advertise6	/bin/atk6-fake_advertise6	/usr/bin/atk6-fake_advertise6	thc-ipv6
atk6-fake_dhcps6	/bin/atk6-fake_dhcps6	/usr/bin/atk6-fake_dhcps6	thc-ipv6
atk6-fake_dns6d	/bin/atk6-fake_dns6d	/usr/bin/atk6-fake_dns6d	thc-ipv6
atk6-fake_dnsupdate6	/bin/atk6-fake_dnsupdate6	/usr/bin/atk6-fake_dnsupdate6	thc-ipv6
atk6-fake_mipv6	/bin/atk6-fake_mipv6	/usr/bin/atk6-fake_mipv6	thc-ipv6
atk6-fake_mld26	/bin/atk6-fake_mld26	/usr/bin/atk6-fake_mld26	thc-ipv6
atk6-fake_mld6	/bin/atk6-fake_mld6	/usr/bin/atk6-fake_mld6	thc-ipv6
atk6-fake_mldrouter6	/bin/atk6-fake_mldrouter6	/usr/bin/atk6-fake_mldrouter6	thc-ipv6
atk6-fake_pim6	/bin/atk6-fake_pim6	/usr/bin/atk6-fake_pim6	thc-ipv6
atk6-fake_router26	/bin/atk6-fake_router26	/usr/bin/atk6-fake_router26	thc-ipv6
atk6-fake_router6	/bin/atk6-fake_router6	/usr/bin/atk6-fake_router6	thc-ipv6
atk6-fake_solicitate6	/bin/atk6-fake_solicitate6	/usr/bin/atk6-fake_solicitate6	thc-ipv6
atk6-firewall6	/bin/atk6-firewall6	/usr/bin/atk6-firewall6	thc-ipv6
atk6-flood_advertise6	/bin/atk6-flood_advertise6	/usr/bin/atk6-flood_advertise6	thc-ipv6
atk6-flood_dhcpc6	/bin/atk6-flood_dhcpc6	/usr/bin/atk6-flood_dhcpc6	thc-ipv6
atk6-flood_mld26	/bin/atk6-flood_mld26	/usr/bin/atk6-flood_mld26	thc-ipv6
atk6-flood_mld6	/bin/atk6-flood_mld6	/usr/bin/atk6-flood_mld6	thc-ipv6
atk6-flood_mldrouter6	/bin/atk6-flood_mldrouter6	/usr/bin/atk6-flood_mldrouter6	thc-ipv6
atk6-flood_redir6	/bin/atk6-flood_redir6	/usr/bin/atk6-flood_redir6	thc-ipv6
atk6-flood_router26	/bin/atk6-flood_router26	/usr/bin/atk6-flood_router26	thc-ipv6
atk6-flood_router6	/bin/atk6-flood_router6	/usr/bin/atk6-flood_router6	thc-ipv6
atk6-flood_rs6	/bin/atk6-flood_rs6	/usr/bin/atk6-flood_rs6	thc-ipv6
atk6-flood_solicitate6	/bin/atk6-flood_solicitate6	/usr/bin/atk6-flood_solicitate6	thc-ipv6
atk6-flood_unreach6	/bin/atk6-flood_unreach6	/usr/bin/atk6-flood_unreach6	thc-ipv6
atk6-four2six	/bin/atk6-four2six	/usr/bin/atk6-four2six	thc-ipv6
atk6-fragmentation6	/bin/atk6-fragmentation6	/usr/bin/atk6-fragmentation6	thc-ipv6
atk6-fragrouter6	/bin/atk6-fragrouter6	/usr/bin/atk6-fragrouter6	thc-ipv6
atk6-fuzz_dhcpc6	/bin/atk6-fuzz_dhcpc6	/usr/bin/atk6-fuzz_dhcpc6	thc-ipv6
atk6-fuzz_dhcps6	/bin/atk6-fuzz_dhcps6	/usr/bin/atk6-fuzz_dhcps6	thc-ipv6
atk6-fuzz_ip6	/bin/atk6-fuzz_ip6	/usr/bin/atk6-fuzz_ip6	thc-ipv6
atk6-implementation6	/bin/atk6-implementation6	/usr/bin/atk6-implementation6	thc-ipv6
atk6-implementation6d	/bin/atk6-implementation6d	/usr/bin/atk6-implementation6d	thc-ipv6
atk6-inject_alive6	/bin/atk6-inject_alive6	/usr/bin/atk6-inject_alive6	thc-ipv6
atk6-inverse_lookup6	/bin/atk6-inverse_lookup6	/usr/bin/atk6-inverse_lookup6	thc-ipv6
atk6-kill_router6	/bin/atk6-kill_router6	/usr/bin/atk6-kill_router6	thc-ipv6
atk6-ndpexhaust26	/bin/atk6-ndpexhaust26	/usr/bin/atk6-ndpexhaust26	thc-ipv6
atk6-ndpexhaust6	/bin/atk6-ndpexhaust6	/usr/bin/atk6-ndpexhaust6	thc-ipv6
atk6-node_query6	/bin/atk6-node_query6	/usr/bin/atk6-node_query6	thc-ipv6
atk6-parasite6	/bin/atk6-parasite6	/usr/bin/atk6-parasite6	thc-ipv6
atk6-passive_discovery6	/bin/atk6-passive_discovery6	/usr/bin/atk6-passive_discovery6	thc-ipv6
atk6-randicmp6	/bin/atk6-randicmp6	/usr/bin/atk6-randicmp6	thc-ipv6
atk6-redir6	/bin/atk6-redir6	/usr/bin/atk6-redir6	thc-ipv6
atk6-redirsniff6	/bin/atk6-redirsniff6	/usr/bin/atk6-redirsniff6	thc-ipv6
atk6-rsmurf6	/bin/atk6-rsmurf6	/usr/bin/atk6-rsmurf6	thc-ipv6
atk6-sendpees6	/bin/atk6-sendpees6	/usr/bin/atk6-sendpees6	thc-ipv6
atk6-sendpeesmp6	/bin/atk6-sendpeesmp6	/usr/bin/atk6-sendpeesmp6	thc-ipv6
atk6-smurf6	/bin/atk6-smurf6	/usr/bin/atk6-smurf6	thc-ipv6
atk6-thcping6	/bin/atk6-thcping6	/usr/bin/atk6-thcping6	thc-ipv6
atk6-thcsyn6	/bin/atk6-thcsyn6	/usr/bin/atk6-thcsyn6	thc-ipv6
atk6-toobig6	/bin/atk6-toobig6	/usr/bin/atk6-toobig6	thc-ipv6
atk6-toobigsniff6	/bin/atk6-toobigsniff6	/usr/bin/atk6-toobigsniff6	thc-ipv6
atk6-trace6	/bin/atk6-trace6	/usr/bin/atk6-trace6	thc-ipv6
atmail2john	/bin/atmail2john	/usr/share/john/atmail2john.pl	unowned
autoexpect	/bin/autoexpect	/usr/bin/expect_autoexpect	expect
automat-visualize3	/bin/automat-visualize3	/usr/bin/automat-visualize3	python3-automat
autopasswd	/bin/autopasswd	/usr/bin/expect_autopasswd	expect
awinreg	/bin/awinreg	/usr/bin/awinreg	python3-aiowinreg
awk	/bin/awk	/usr/bin/gawk	gawk
axcrypt2john	/bin/axcrypt2john	/usr/share/john/axcrypt2john.py	unowned
axel	/bin/axel	/usr/bin/axel	axel
b2sum	/bin/b2sum	/usr/bin/b2sum	coreutils
base32	/bin/base32	/usr/bin/base32	coreutils
base64	/bin/base64	/usr/bin/base64	coreutils
basename	/bin/basename	/usr/bin/basename	coreutils
basenc	/bin/basenc	/usr/bin/basenc	coreutils
bash	/bin/bash	/usr/bin/bash	bash
bashbug	/bin/bashbug	/usr/bin/bashbug	bash
besside-ng-crawler	/bin/besside-ng-crawler	/usr/bin/besside-ng-crawler	aircrack-ng
bestcrypt2john	/bin/bestcrypt2john	/usr/share/john/bestcrypt2john.py	unowned
binwalk	/bin/binwalk	/usr/bin/binwalk	binwalk
binwalk3	/bin/binwalk3	/usr/bin/binwalk3	binwalk3
bitcoin2john	/bin/bitcoin2john	/usr/share/john/bitcoin2john.py	unowned
bitshares2john	/bin/bitshares2john	/usr/share/john/bitshares2john.py	unowned
bitwarden2john	/bin/bitwarden2john	/usr/share/john/bitwarden2john.py	unowned
bks2john	/bin/bks2john	/usr/share/john/bks2john.py	unowned
blkcalc	/bin/blkcalc	/usr/bin/blkcalc	sleuthkit
blkcat	/bin/blkcat	/usr/bin/blkcat	sleuthkit
blkls	/bin/blkls	/usr/bin/blkls	sleuthkit
blkstat	/bin/blkstat	/usr/bin/blkstat	sleuthkit
blockchain2john	/bin/blockchain2john	/usr/share/john/blockchain2john.py	unowned
bloodhound-python	/bin/bloodhound-python	/usr/bin/bloodhound-python	bloodhound.py
bluemoon	/bin/bluemoon	/usr/bin/bluemoon	bluez
bluetoothctl	/bin/bluetoothctl	/usr/bin/bluetoothctl	bluez
btattach	/bin/btattach	/usr/bin/btattach	bluez
btmgmt	/bin/btmgmt	/usr/bin/btmgmt	bluez
btmon	/bin/btmon	/usr/bin/btmon	bluez
buddy-ng	/bin/buddy-ng	/usr/bin/buddy-ng	aircrack-ng
bulk_extractor	/bin/bulk_extractor	/usr/bin/bulk_extractor	bulk-extractor
bully	/bin/bully	/usr/bin/bully	bully
bundle	/bin/bundle	/usr/bin/bundle	ruby-bundler
bundle3.3	/bin/bundle3.3	/usr/bin/bundle3.3	ruby3.3
bundler	/bin/bundler	/usr/bin/bundler	ruby-bundler
bundler3.3	/bin/bundler3.3	/usr/bin/bundler3.3	ruby3.3
bunzip2	/bin/bunzip2	/usr/bin/bzip2	bzip2
burpsuite	/bin/burpsuite	/usr/bin/burpsuite	burpsuite
busctl	/bin/busctl	/usr/bin/busctl	systemd
busybox	/bin/busybox	/usr/bin/busybox	busybox
bwrap	/bin/bwrap	/usr/bin/bwrap	bubblewrap
bzcat	/bin/bzcat	/usr/bin/bzip2	bzip2
bzcmp	/bin/bzcmp	/usr/bin/bzdiff	bzip2
bzdiff	/bin/bzdiff	/usr/bin/bzdiff	bzip2
bzegrep	/bin/bzegrep	/usr/bin/bzgrep	bzip2
bzexe	/bin/bzexe	/usr/bin/bzexe	bzip2
bzfgrep	/bin/bzfgrep	/usr/bin/bzgrep	bzip2
bzgrep	/bin/bzgrep	/usr/bin/bzgrep	bzip2
bzip2	/bin/bzip2	/usr/bin/bzip2	bzip2
bzip2recover	/bin/bzip2recover	/usr/bin/bzip2recover	bzip2
bzless	/bin/bzless	/usr/bin/bzmore	bzip2
bzmore	/bin/bzmore	/usr/bin/bzmore	bzip2
c++	/bin/c++	/usr/lib/llvm-21/bin/clang	unowned
c++filt	/bin/c++filt	/usr/bin/x86_64-linux-gnu-c++filt	binutils-x86-64-linux-gnu
c89	/bin/c89	/usr/lib/llvm-21/bin/clang	unowned
c99	/bin/c99	/usr/lib/llvm-21/bin/clang	unowned
cadaver	/bin/cadaver	/usr/bin/cadaver	cadaver
capinfos	/bin/capinfos	/usr/bin/capinfos	wireshark-common
captoinfo	/bin/captoinfo	/usr/bin/tic	ncurses-bin
captype	/bin/captype	/usr/bin/captype	wireshark-common
cat	/bin/cat	/usr/bin/cat	coreutils
cc	/bin/cc	/usr/lib/llvm-21/bin/clang	unowned
ccache2john	/bin/ccache2john	/usr/share/john/ccache2john.py	unowned
censys	/bin/censys	/usr/bin/censys	python3-censys
certipy-ad	/bin/certipy-ad	/usr/bin/certipy-ad	certipy-ad
cewl	/bin/cewl	/usr/bin/cewl	cewl
cffi-gen-src	/bin/cffi-gen-src	/usr/bin/cffi-gen-src	python3-cffi
cftp3	/bin/cftp3	/usr/bin/cftp3	python3-twisted
chage	/bin/chage	/usr/bin/chage	passwd
chardet	/bin/chardet	/usr/bin/chardetect	python3-chardet
chardetect	/bin/chardetect	/usr/bin/chardetect	python3-chardet
chcon	/bin/chcon	/usr/bin/chcon	coreutils
checkgid	/bin/checkgid	/usr/bin/checkgid	apache2-utils
cheroot	/bin/cheroot	/usr/bin/cheroot	python3-cheroot
cherryd3	/bin/cherryd3	/usr/bin/cherryd3	python3-cherrypy3
chfn	/bin/chfn	/usr/bin/chfn	passwd
chgrp	/bin/chgrp	/usr/bin/chgrp	coreutils
chmod	/bin/chmod	/usr/bin/chmod	coreutils
choom	/bin/choom	/usr/bin/choom	util-linux
chown	/bin/chown	/usr/bin/chown	coreutils
chromeos-tpm-recovery	/bin/chromeos-tpm-recovery	/usr/bin/chromeos-tpm-recovery	vboot-utils
chromium	/bin/chromium	/usr/bin/chromium	chromium
chrt	/bin/chrt	/usr/bin/chrt	util-linux
chsh	/bin/chsh	/usr/bin/chsh	passwd
cifscreds	/bin/cifscreds	/usr/bin/cifscreds	cifs-utils
cifsdd	/bin/cifsdd	/usr/bin/cifsdd	smbclient
ciptool	/bin/ciptool	/usr/bin/ciptool	bluez
cisco-decrypt	/bin/cisco-decrypt	/usr/bin/cisco-decrypt	vpnc
cisco2john	/bin/cisco2john	/usr/share/john/cisco2john.pl	unowned
citrix	/bin/citrix	/usr/bin/citrix	spike
cjpeg	/bin/cjpeg	/usr/bin/cjpeg	libjpeg-turbo-progs
ckeygen3	/bin/ckeygen3	/usr/bin/ckeygen3	python3-twisted
cksum	/bin/cksum	/usr/bin/cksum	coreutils
clang	/bin/clang	/usr/lib/llvm-21/bin/clang	unowned
clang++	/bin/clang++	/usr/lib/llvm-21/bin/clang	unowned
clang++-21	/bin/clang++-21	/usr/lib/llvm-21/bin/clang	unowned
clang-21	/bin/clang-21	/usr/lib/llvm-21/bin/clang	unowned
clang-cl	/bin/clang-cl	/usr/lib/llvm-21/bin/clang	unowned
clang-cl-21	/bin/clang-cl-21	/usr/lib/llvm-21/bin/clang	unowned
clang-cpp	/bin/clang-cpp	/usr/lib/llvm-21/bin/clang	unowned
clang-cpp-21	/bin/clang-cpp-21	/usr/lib/llvm-21/bin/clang	unowned
clang-scan-deps	/bin/clang-scan-deps	/usr/lib/llvm-21/bin/clang-scan-deps	unowned
clang-scan-deps-21	/bin/clang-scan-deps-21	/usr/lib/llvm-21/bin/clang-scan-deps	unowned
clear	/bin/clear	/usr/bin/clear	ncurses-bin
clear_console	/bin/clear_console	/usr/bin/clear_console	bash
closed_source_web_server_fuzz	/bin/closed_source_web_server_fuzz	/usr/bin/closed_source_web_server_fuzz	spike
clusterdb	/bin/clusterdb	/usr/share/postgresql-common/pg_wrapper	unowned
cmp	/bin/cmp	/usr/bin/cmp	diffutils
comm	/bin/comm	/usr/bin/comm	coreutils
commix	/bin/commix	/usr/bin/commix	commix
compile_et	/bin/compile_et	/usr/bin/compile_et	comerr-dev:amd64
conch3	/bin/conch3	/usr/bin/conch3	python3-twisted
corelist	/bin/corelist	/usr/bin/corelist	perl
cp	/bin/cp	/usr/bin/cp	coreutils
cpan	/bin/cpan	/usr/bin/cpan	perl
cpan5.42-x86_64-linux-gnu	/bin/cpan5.42-x86_64-linux-gnu	/usr/bin/cpan5.42-x86_64-linux-gnu	libperl5.42:amd64
cracf2john	/bin/cracf2john	/usr/share/john/cracf2john.py	unowned
createdb	/bin/createdb	/usr/share/postgresql-common/pg_wrapper	unowned
createlang	/bin/createlang	/usr/share/postgresql-common/pg_wrapper	unowned
createuser	/bin/createuser	/usr/share/postgresql-common/pg_wrapper	unowned
creddump7	/bin/creddump7	/usr/bin/creddump7	creddump7
crossystem	/bin/crossystem	/usr/bin/crossystem	vboot-utils
crunch	/bin/crunch	/usr/bin/crunch	crunch
cryptcat	/bin/cryptcat	/usr/bin/cryptcat	cryptcat
cryptdir	/bin/cryptdir	/usr/bin/expect_cryptdir	expect
csplit	/bin/csplit	/usr/bin/csplit	coreutils
ctstat	/bin/ctstat	/usr/bin/lnstat	iproute2
curl	/bin/curl	/usr/bin/curl	curl
cut	/bin/cut	/usr/bin/cut	coreutils
cvtsudoers	/bin/cvtsudoers	/usr/bin/cvtsudoers	sudo
dash	/bin/dash	/usr/bin/dash	dash
dashlane2john	/bin/dashlane2john	/usr/share/john/dashlane2john.py	unowned
date	/bin/date	/usr/bin/date	coreutils
dave	/bin/dave	/usr/bin/dave	libhttp-dav-perl
davtest	/bin/davtest	/usr/bin/davtest	davtest
dbd	/bin/dbd	/usr/bin/dbd	dbd
dbilogstrip	/bin/dbilogstrip	/usr/bin/dbilogstrip	libdbi-perl:amd64
dbiprof	/bin/dbiprof	/usr/bin/dbiprof	libdbi-perl:amd64
dbiproxy	/bin/dbiproxy	/usr/bin/dbiproxy	libdbi-perl:amd64
dbus-cleanup-sockets	/bin/dbus-cleanup-sockets	/usr/bin/dbus-cleanup-sockets	dbus-bin
dbus-daemon	/bin/dbus-daemon	/usr/bin/dbus-daemon	dbus-daemon
dbus-monitor	/bin/dbus-monitor	/usr/bin/dbus-monitor	dbus-bin
dbus-run-session	/bin/dbus-run-session	/usr/bin/dbus-run-session	dbus-daemon
dbus-send	/bin/dbus-send	/usr/bin/dbus-send	dbus-bin
dbus-update-activation-environment	/bin/dbus-update-activation-environment	/usr/bin/dbus-update-activation-environment	dbus-bin
dbus-uuidgen	/bin/dbus-uuidgen	/usr/bin/dbus-uuidgen	dbus-bin
dbwrap_tool	/bin/dbwrap_tool	/usr/bin/dbwrap_tool	samba-common-bin
dccleancrw	/bin/dccleancrw	/usr/bin/dccleancrw	dcraw
dceoversmb	/bin/dceoversmb	/usr/bin/dceoversmb	spike
dcfujigreen	/bin/dcfujigreen	/usr/bin/dcfujigreen	dcraw
dcfujiturn	/bin/dcfujiturn	/usr/bin/dcfujiturn	dcraw
dcfujiturn16	/bin/dcfujiturn16	/usr/bin/dcfujiturn16	dcraw
dcparse	/bin/dcparse	/usr/bin/dcparse	dcraw
dcrack	/bin/dcrack	/usr/bin/dcrack	aircrack-ng
dcraw	/bin/dcraw	/usr/bin/dcraw	dcraw
dd	/bin/dd	/usr/bin/dd	coreutils
ddcmon	/bin/ddcmon	/usr/bin/ddcmon	i2c-tools
deb-systemd-helper	/bin/deb-systemd-helper	/usr/bin/deb-systemd-helper	init-system-helpers
deb-systemd-invoke	/bin/deb-systemd-invoke	/usr/bin/deb-systemd-invoke	init-system-helpers
debconf	/bin/debconf	/usr/bin/debconf	debconf
debconf-apt-progress	/bin/debconf-apt-progress	/usr/bin/debconf-apt-progress	debconf
debconf-communicate	/bin/debconf-communicate	/usr/bin/debconf-communicate	debconf
debconf-copydb	/bin/debconf-copydb	/usr/bin/debconf-copydb	debconf
debconf-escape	/bin/debconf-escape	/usr/bin/debconf-escape	debconf
debconf-set-selections	/bin/debconf-set-selections	/usr/bin/debconf-set-selections	debconf
debconf-show	/bin/debconf-show	/usr/bin/debconf-show	debconf
decode-dimms	/bin/decode-dimms	/usr/bin/decode-dimms	i2c-tools
decode-edid	/bin/decode-edid	/usr/bin/decode-edid	i2c-tools
decode-vaio	/bin/decode-vaio	/usr/bin/decode-vaio	i2c-tools
decryptdir	/bin/decryptdir	/usr/bin/expect_decryptdir	expect
deepsound2john	/bin/deepsound2john	/usr/share/john/deepsound2john.py	unowned
delv	/bin/delv	/usr/bin/delv	bind9-dnsutils
dev_debug_vboot	/bin/dev_debug_vboot	/usr/bin/dev_debug_vboot	vboot-utils
df	/bin/df	/usr/bin/df	coreutils
dh_numpy3	/bin/dh_numpy3	/usr/bin/dh_numpy3	python3-numpy-dev:amd64
dh_perl_dbi	/bin/dh_perl_dbi	/usr/bin/dh_perl_dbi	libdbi-perl:amd64
dh_perl_openssl	/bin/dh_perl_openssl	/usr/bin/dh_perl_openssl	perl-openssl-defaults:amd64
dh_python3-ply	/bin/dh_python3-ply	/usr/bin/dh_python3-ply	python3-ply
diff	/bin/diff	/usr/bin/diff	diffutils
diff3	/bin/diff3	/usr/bin/diff3	diffutils
dig	/bin/dig	/usr/bin/dig	bind9-dnsutils
dir	/bin/dir	/usr/bin/dir	coreutils
dirb	/bin/dirb	/usr/bin/dirb	dirb
dirb-gendict	/bin/dirb-gendict	/usr/bin/dirb-gendict	dirb
dircolors	/bin/dircolors	/usr/bin/dircolors	coreutils
dirname	/bin/dirname	/usr/bin/dirname	coreutils
diskcryptor2john	/bin/diskcryptor2john	/usr/share/john/diskcryptor2john.py	unowned
dislocate	/bin/dislocate	/usr/bin/expect_dislocate	expect
djpeg	/bin/djpeg	/usr/bin/djpeg	libjpeg-turbo-progs
dltest	/bin/dltest	/usr/bin/dltest	spike
dmesg	/bin/dmesg	/usr/bin/dmesg	util-linux
dmg2john	/bin/dmg2john	/usr/share/john/dmg2john.py	unowned
dmitry	/bin/dmitry	/usr/bin/dmitry	dmitry
dns-rebind	/bin/dns-rebind	/usr/bin/dns-rebind	rebind
dns2tcpc	/bin/dns2tcpc	/usr/bin/dns2tcpc	dns2tcp
dns2tcpd	/bin/dns2tcpd	/usr/bin/dns2tcpd	dns2tcp
dnschef	/bin/dnschef	/usr/bin/dnschef	dnschef
dnsdomainname	/bin/dnsdomainname	/usr/bin/hostname	hostname
dnsenum	/bin/dnsenum	/usr/bin/dnsenum	dnsenum
dnsrecon	/bin/dnsrecon	/usr/share/dnsrecon/dnsrecon.py	unowned
dnsspoof	/bin/dnsspoof	/usr/bin/dnsspoof	dsniff
dnstap-read	/bin/dnstap-read	/usr/bin/dnstap-read	bind9-dnsutils
do_post	/bin/do_post	/usr/bin/do_post	spike
domainname	/bin/domainname	/usr/bin/hostname	hostname
dos2unix	/bin/dos2unix	/usr/bin/dos2unix	dos2unix
dpkg	/bin/dpkg	/usr/bin/dpkg	dpkg
dpkg-deb	/bin/dpkg-deb	/usr/bin/dpkg-deb	dpkg
dpkg-divert	/bin/dpkg-divert	/usr/bin/dpkg-divert	dpkg
dpkg-maintscript-helper	/bin/dpkg-maintscript-helper	/usr/bin/dpkg-maintscript-helper	dpkg
dpkg-query	/bin/dpkg-query	/usr/bin/dpkg-query	dpkg
dpkg-realpath	/bin/dpkg-realpath	/usr/bin/dpkg-realpath	dpkg
dpkg-split	/bin/dpkg-split	/usr/bin/dpkg-split	dpkg
dpkg-statoverride	/bin/dpkg-statoverride	/usr/bin/dpkg-statoverride	dpkg
dpkg-trigger	/bin/dpkg-trigger	/usr/bin/dpkg-trigger	dpkg
dpl4hydra	/bin/dpl4hydra	/usr/bin/dpl4hydra	hydra
dploot	/bin/dploot	/usr/bin/dploot	python3-dploot
dropdb	/bin/dropdb	/usr/share/postgresql-common/pg_wrapper	unowned
droplang	/bin/droplang	/usr/share/postgresql-common/pg_wrapper	unowned
dropuser	/bin/dropuser	/usr/share/postgresql-common/pg_wrapper	unowned
dsniff	/bin/dsniff	/usr/bin/dsniff	dsniff
du	/bin/du	/usr/bin/du	coreutils
dumpRSAPublicKey	/bin/dumpRSAPublicKey	/usr/bin/dumpRSAPublicKey	vboot-utils
dump_fmap	/bin/dump_fmap	/usr/bin/futility	vboot-kernel-utils
dump_kernel_config	/bin/dump_kernel_config	/usr/bin/futility	vboot-kernel-utils
dumpcap	/bin/dumpcap	/usr/bin/dumpcap	wireshark-common
dunamai	/bin/dunamai	/usr/bin/dunamai	python3-dunamai
dupemap	/bin/dupemap	/usr/bin/dupemap	magicrescue
echo	/bin/echo	/usr/bin/echo	coreutils
ecryptfs2john	/bin/ecryptfs2john	/usr/share/john/ecryptfs2john.py	unowned
editcap	/bin/editcap	/usr/bin/editcap	wireshark-common
editor	/bin/editor	/usr/bin/vim.basic	vim
editres	/bin/editres	/usr/bin/editres	x11-utils
egrep	/bin/egrep	/usr/bin/egrep	grep
ejabberd2john	/bin/ejabberd2john	/usr/share/john/ejabberd2john.py	unowned
electrum2john	/bin/electrum2john	/usr/share/john/electrum2john.py	unowned
elfedit	/bin/elfedit	/usr/bin/x86_64-linux-gnu-elfedit	binutils-x86-64-linux-gnu
enable_dev_usb_boot	/bin/enable_dev_usb_boot	/usr/bin/enable_dev_usb_boot	vboot-utils
enc2xs	/bin/enc2xs	/usr/bin/enc2xs	perl
encfs2john	/bin/encfs2john	/usr/share/john/encfs2john.py	unowned
encguess	/bin/encguess	/usr/bin/encguess	perl
encode_keychange	/bin/encode_keychange	/usr/bin/encode_keychange	snmp
enpass2john	/bin/enpass2john	/usr/share/john/enpass2john.py	unowned
enpass5tojohn	/bin/enpass5tojohn	/usr/share/john/enpass5tojohn.py	unowned
enum4linux	/bin/enum4linux	/usr/bin/enum4linux	enum4linux
env	/bin/env	/usr/bin/env	coreutils
erb	/bin/erb	/usr/bin/erb3.3	ruby3.3
erb3.3	/bin/erb3.3	/usr/bin/erb3.3	ruby3.3
ethereum2john	/bin/ethereum2john	/usr/share/john/ethereum2john.py	unowned
evil-winrm	/bin/evil-winrm	/usr/bin/evil-winrm	evil-winrm
ex	/bin/ex	/usr/bin/vim.basic	vim
exe2hex	/bin/exe2hex	/usr/bin/exe2hex	exe2hexbat
exifautotran	/bin/exifautotran	/usr/bin/exifautotran	libjpeg-turbo-progs
exiftool	/bin/exiftool	/usr/bin/exiftool	libimage-exiftool-perl
exiv2	/bin/exiv2	/usr/bin/exiv2	exiv2
expand	/bin/expand	/usr/bin/expand	coreutils
expect	/bin/expect	/usr/bin/expect8.6	expect
expect8.6	/bin/expect8.6	/usr/bin/expect8.6	expect
expect9.0	/bin/expect9.0	/usr/bin/expect9.0	expect
expect_autoexpect	/bin/expect_autoexpect	/usr/bin/expect_autoexpect	expect
expect_autopasswd	/bin/expect_autopasswd	/usr/bin/expect_autopasswd	expect
expect_cryptdir	/bin/expect_cryptdir	/usr/bin/expect_cryptdir	expect
expect_decryptdir	/bin/expect_decryptdir	/usr/bin/expect_decryptdir	expect
expect_dislocate	/bin/expect_dislocate	/usr/bin/expect_dislocate	expect
expect_kibitz	/bin/expect_kibitz	/usr/bin/expect_kibitz	expect
expect_lpunlock	/bin/expect_lpunlock	/usr/bin/expect_lpunlock	expect
expect_mkpasswd	/bin/expect_mkpasswd	/usr/bin/expect_mkpasswd	expect
expect_multixterm	/bin/expect_multixterm	/usr/bin/expect_multixterm	expect
expect_passmass	/bin/expect_passmass	/usr/bin/expect_passmass	expect
expect_rftp	/bin/expect_rftp	/usr/bin/expect_rftp	expect
expect_rlogin-cwd	/bin/expect_rlogin-cwd	/usr/bin/expect_rlogin-cwd	expect
expect_timed-read	/bin/expect_timed-read	/usr/bin/expect_timed-read	expect
expect_timed-run	/bin/expect_timed-run	/usr/bin/expect_timed-run	expect
expect_tknewsbiff	/bin/expect_tknewsbiff	/usr/bin/expect_tknewsbiff	expect
expect_tkpasswd	/bin/expect_tkpasswd	/usr/bin/expect_tkpasswd	expect
expect_unbuffer	/bin/expect_unbuffer	/usr/bin/expect_unbuffer	expect
expect_weather	/bin/expect_weather	/usr/bin/expect_weather	expect
expect_xkibitz	/bin/expect_xkibitz	/usr/bin/expect_xkibitz	expect
expect_xpstat	/bin/expect_xpstat	/usr/bin/expect_xpstat	expect
expiry	/bin/expiry	/usr/bin/expiry	passwd
exploitdb	/bin/exploitdb	/usr/bin/exploitdb	exploitdb
expr	/bin/expr	/usr/bin/expr	coreutils
f2py	/bin/f2py	/usr/bin/f2py	python3-numpy
f2py3	/bin/f2py3	/usr/bin/f2py3	python3-numpy
f2py3.14	/bin/f2py3.14	/usr/bin/f2py3.14	python3-numpy
fab-cewl	/bin/fab-cewl	/usr/bin/fab-cewl	cewl
factor	/bin/factor	/usr/bin/factor	coreutils
fallocate	/bin/fallocate	/usr/bin/fallocate	util-linux
false	/bin/false	/usr/bin/false	coreutils
fastapi	/bin/fastapi	/usr/bin/fastapi	python3-fastapi
fc-cache	/bin/fc-cache	/usr/bin/fc-cache	fontconfig
fc-cat	/bin/fc-cat	/usr/bin/fc-cat	fontconfig
fc-conflist	/bin/fc-conflist	/usr/bin/fc-conflist	fontconfig
fc-list	/bin/fc-list	/usr/bin/fc-list	fontconfig
fc-match	/bin/fc-match	/usr/bin/fc-match	fontconfig
fc-pattern	/bin/fc-pattern	/usr/bin/fc-pattern	fontconfig
fc-query	/bin/fc-query	/usr/bin/fc-query	fontconfig
fc-scan	/bin/fc-scan	/usr/bin/fc-scan	fontconfig
fc-validate	/bin/fc-validate	/usr/bin/fc-validate	fontconfig
fcat	/bin/fcat	/usr/bin/fcat	sleuthkit
fcgistarter	/bin/fcgistarter	/usr/bin/fcgistarter	apache2-utils
ffind	/bin/ffind	/usr/bin/ffind	sleuthkit
ffuf	/bin/ffuf	/usr/bin/ffuf	ffuf
fgrep	/bin/fgrep	/usr/bin/fgrep	grep
fidentify	/bin/fidentify	/usr/bin/fidentify	testdisk
fierce	/bin/fierce	/usr/bin/fierce	fierce
filan	/bin/filan	/usr/bin/filan	socat
file	/bin/file	/usr/bin/file	file
filesnarf	/bin/filesnarf	/usr/bin/filesnarf	dsniff
filezilla2john	/bin/filezilla2john	/usr/share/john/filezilla2john.py	unowned
find	/bin/find	/usr/bin/find	findutils
findmnt	/bin/findmnt	/usr/bin/findmnt	util-linux
fiwalk	/bin/fiwalk	/usr/bin/fiwalk	sleuthkit
fixproc	/bin/fixproc	/usr/bin/fixproc	snmp
flac	/bin/flac	/usr/bin/flac	flac
flask	/bin/flask	/usr/bin/flask	python3-flask
flock	/bin/flock	/usr/bin/flock	util-linux
fls	/bin/fls	/usr/bin/fls	sleuthkit
fmt	/bin/fmt	/usr/bin/fmt	coreutils
fold	/bin/fold	/usr/bin/fold	coreutils
fping	/bin/fping	/usr/bin/fping	fping
fping6	/bin/fping6	/usr/bin/fping	fping
free	/bin/free	/usr/bin/free	procps
fsstat	/bin/fsstat	/usr/bin/fsstat	sleuthkit
ftp	/bin/ftp	/usr/bin/tnftp	tnftp
funzip	/bin/funzip	/usr/bin/funzip	unzip
fuser	/bin/fuser	/usr/bin/fuser	psmisc
fusermount	/bin/fusermount	/usr/bin/fusermount3	fuse3
fusermount3	/bin/fusermount3	/usr/bin/fusermount3	fuse3
futility	/bin/futility	/usr/bin/futility	vboot-kernel-utils
galera_new_cluster	/bin/galera_new_cluster	/usr/bin/galera_new_cluster	mariadb-server
galera_recovery	/bin/galera_recovery	/usr/bin/galera_recovery	mariadb-server
gatttool	/bin/gatttool	/usr/bin/gatttool	bluez
gawk	/bin/gawk	/usr/bin/gawk	gawk
gawkbug	/bin/gawkbug	/usr/bin/gawkbug	gawk
gbb_utility	/bin/gbb_utility	/usr/bin/futility	vboot-kernel-utils
geli2john	/bin/geli2john	/usr/share/john/geli2john.py	unowned
gem	/bin/gem	/usr/bin/gem	ruby-rubygems
gem3.3	/bin/gem3.3	/usr/bin/gem3.3	ruby3.3
gencat	/bin/gencat	/usr/bin/gencat	libc-dev-bin
generic_chunked	/bin/generic_chunked	/usr/bin/generic_chunked	spike
generic_listen_tcp	/bin/generic_listen_tcp	/usr/bin/generic_listen_tcp	spike
generic_send_tcp	/bin/generic_send_tcp	/usr/bin/generic_send_tcp	spike
generic_send_udp	/bin/generic_send_udp	/usr/bin/generic_send_udp	spike
generic_web_server_fuzz	/bin/generic_web_server_fuzz	/usr/bin/generic_web_server_fuzz	spike
generic_web_server_fuzz2	/bin/generic_web_server_fuzz2	/usr/bin/generic_web_server_fuzz2	spike
getcifsacl	/bin/getcifsacl	/usr/bin/getcifsacl	cifs-utils
getconf	/bin/getconf	/usr/bin/getconf	libc-bin
getent	/bin/getent	/usr/bin/getent	libc-bin
getopt	/bin/getopt	/usr/bin/getopt	util-linux
git	/bin/git	/usr/bin/git	git
git-receive-pack	/bin/git-receive-pack	/usr/bin/git	git
git-shell	/bin/git-shell	/usr/bin/git-shell	git
git-upload-archive	/bin/git-upload-archive	/usr/bin/git	git
git-upload-pack	/bin/git-upload-pack	/usr/bin/git	git
glycin-thumbnailer	/bin/glycin-thumbnailer	/usr/bin/glycin-thumbnailer	glycin-thumbnailers
gnome-www-browser	/bin/gnome-www-browser	/usr/bin/chromium	chromium
gobuster	/bin/gobuster	/usr/bin/gobuster	gobuster
gopherd	/bin/gopherd	/usr/bin/gopherd	spike
gp-archive	/bin/gp-archive	/usr/bin/gprofng-archive	binutils
gp-collect-app	/bin/gp-collect-app	/usr/bin/gprofng-collect-app	binutils
gp-display-html	/bin/gp-display-html	/usr/bin/gprofng-display-html	binutils
gp-display-src	/bin/gp-display-src	/usr/bin/gprofng-display-src	binutils
gp-display-text	/bin/gp-display-text	/usr/bin/gprofng-display-text	binutils
gpasswd	/bin/gpasswd	/usr/bin/gpasswd	passwd
gpp-decrypt	/bin/gpp-decrypt	/usr/bin/gpp-decrypt	gpp-decrypt
gprof	/bin/gprof	/usr/bin/x86_64-linux-gnu-gprof	binutils-x86-64-linux-gnu
gprofng	/bin/gprofng	/usr/bin/gprofng	binutils
gprofng-archive	/bin/gprofng-archive	/usr/bin/gprofng-archive	binutils
gprofng-collect-app	/bin/gprofng-collect-app	/usr/bin/gprofng-collect-app	binutils
gprofng-display-html	/bin/gprofng-display-html	/usr/bin/gprofng-display-html	binutils
gprofng-display-src	/bin/gprofng-display-src	/usr/bin/gprofng-display-src	binutils
gprofng-display-text	/bin/gprofng-display-text	/usr/bin/gprofng-display-text	binutils
gprofng-gmon	/bin/gprofng-gmon	/usr/bin/gprofng-gmon	binutils
grep	/bin/grep	/usr/bin/grep	grep
groups	/bin/groups	/usr/bin/groups	coreutils
gtk-update-icon-cache	/bin/gtk-update-icon-cache	/usr/bin/gtk4-update-icon-cache	gtk-update-icon-cache
gtk4-update-icon-cache	/bin/gtk4-update-icon-cache	/usr/bin/gtk4-update-icon-cache	gtk-update-icon-cache
gunzip	/bin/gunzip	/usr/bin/gunzip	gzip
gzexe	/bin/gzexe	/usr/bin/gzexe	gzip
gzip	/bin/gzip	/usr/bin/gzip	gzip
h2ph	/bin/h2ph	/usr/bin/h2ph	perl
h2xs	/bin/h2xs	/usr/bin/h2xs	perl
halflife	/bin/halflife	/usr/bin/halflife	spike
hardlink	/bin/hardlink	/usr/bin/hardlink	util-linux
hash-identifier	/bin/hash-identifier	/usr/bin/hash-identifier	hash-identifier
hashcat	/bin/hashcat	/usr/bin/hashcat	hashcat
hashdeep	/bin/hashdeep	/usr/bin/hashdeep	hashdeep
hashid	/bin/hashid	/usr/bin/hashid	hashid
hccapx2john	/bin/hccapx2john	/usr/share/john/hccapx2john.py	unowned
hciattach	/bin/hciattach	/usr/bin/hciattach	bluez
hciconfig	/bin/hciconfig	/usr/bin/hciconfig	bluez
hcitool	/bin/hcitool	/usr/bin/hcitool	bluez
head	/bin/head	/usr/bin/head	coreutils
helpztags	/bin/helpztags	/usr/bin/helpztags	vim-common
hex2hcd	/bin/hex2hcd	/usr/bin/hex2hcd	bluez
hexeditor	/bin/hexeditor	/usr/bin/hexeditor	ncurses-hexedit
hfind	/bin/hfind	/usr/bin/hfind	sleuthkit
host	/bin/host	/usr/bin/host	bind9-host
hostid	/bin/hostid	/usr/bin/hostid	coreutils
hostname	/bin/hostname	/usr/bin/hostname	hostname
hostnamectl	/bin/hostnamectl	/usr/bin/hostnamectl	systemd
hotpatcher	/bin/hotpatcher	/usr/bin/hotpatcher	hotpatch
htcacheclean	/bin/htcacheclean	/usr/bin/htcacheclean	apache2-utils
htdbm	/bin/htdbm	/usr/bin/htdbm	apache2-utils
htdigest	/bin/htdigest	/usr/bin/htdigest	apache2-utils
htdigest2john	/bin/htdigest2john	/usr/share/john/htdigest2john.py	unowned
html2dic	/bin/html2dic	/usr/bin/html2dic	dirb
htpasswd	/bin/htpasswd	/usr/bin/htpasswd	apache2-utils
httpclient	/bin/httpclient	/usr/bin/httpclient	ruby-httpclient
httpx	/bin/httpx	/usr/bin/httpx	python3-httpx
hugetop	/bin/hugetop	/usr/bin/hugetop	procps
hwloc-annotate	/bin/hwloc-annotate	/usr/bin/hwloc-annotate	hwloc
hwloc-bind	/bin/hwloc-bind	/usr/bin/hwloc-bind	hwloc
hwloc-calc	/bin/hwloc-calc	/usr/bin/hwloc-calc	hwloc
hwloc-compress-dir	/bin/hwloc-compress-dir	/usr/bin/hwloc-compress-dir	hwloc
hwloc-diff	/bin/hwloc-diff	/usr/bin/hwloc-diff	hwloc
hwloc-distrib	/bin/hwloc-distrib	/usr/bin/hwloc-distrib	hwloc
hwloc-gather-cpuid	/bin/hwloc-gather-cpuid	/usr/bin/hwloc-gather-cpuid	hwloc
hwloc-gather-topology	/bin/hwloc-gather-topology	/usr/bin/hwloc-gather-topology	hwloc
hwloc-info	/bin/hwloc-info	/usr/bin/hwloc-info	hwloc
hwloc-ls	/bin/hwloc-ls	/usr/bin/lstopo	hwloc
hwloc-patch	/bin/hwloc-patch	/usr/bin/hwloc-patch	hwloc
hwloc-ps	/bin/hwloc-ps	/usr/bin/hwloc-ps	hwloc
hydra	/bin/hydra	/usr/bin/hydra	hydra
hydra-wizard	/bin/hydra-wizard	/usr/bin/hydra-wizard	hydra
i386	/bin/i386	/usr/bin/setarch	util-linux
i686-w64-mingw32-addr2line	/bin/i686-w64-mingw32-addr2line	/usr/bin/i686-w64-mingw32-addr2line	binutils-mingw-w64-i686
i686-w64-mingw32-ar	/bin/i686-w64-mingw32-ar	/usr/bin/i686-w64-mingw32-ar	binutils-mingw-w64-i686
i686-w64-mingw32-as	/bin/i686-w64-mingw32-as	/usr/bin/i686-w64-mingw32-as	binutils-mingw-w64-i686
i686-w64-mingw32-c++filt	/bin/i686-w64-mingw32-c++filt	/usr/bin/i686-w64-mingw32-c++filt	binutils-mingw-w64-i686
i686-w64-mingw32-cpp	/bin/i686-w64-mingw32-cpp	/usr/bin/i686-w64-mingw32-cpp-win32	gcc-mingw-w64-i686-win32
i686-w64-mingw32-cpp-win32	/bin/i686-w64-mingw32-cpp-win32	/usr/bin/i686-w64-mingw32-cpp-win32	gcc-mingw-w64-i686-win32
i686-w64-mingw32-dlltool	/bin/i686-w64-mingw32-dlltool	/usr/bin/i686-w64-mingw32-dlltool	binutils-mingw-w64-i686
i686-w64-mingw32-dllwrap	/bin/i686-w64-mingw32-dllwrap	/usr/bin/i686-w64-mingw32-dllwrap	binutils-mingw-w64-i686
i686-w64-mingw32-elfedit	/bin/i686-w64-mingw32-elfedit	/usr/bin/i686-w64-mingw32-elfedit	binutils-mingw-w64-i686
i686-w64-mingw32-gcc	/bin/i686-w64-mingw32-gcc	/usr/bin/i686-w64-mingw32-gcc-win32	gcc-mingw-w64-i686-win32
i686-w64-mingw32-gcc-15	/bin/i686-w64-mingw32-gcc-15	/usr/bin/i686-w64-mingw32-gcc-15-win32	gcc-mingw-w64-i686-win32
i686-w64-mingw32-gcc-15-win32	/bin/i686-w64-mingw32-gcc-15-win32	/usr/bin/i686-w64-mingw32-gcc-15-win32	gcc-mingw-w64-i686-win32
i686-w64-mingw32-gcc-ar	/bin/i686-w64-mingw32-gcc-ar	/usr/bin/i686-w64-mingw32-gcc-ar-win32	gcc-mingw-w64-i686-win32
i686-w64-mingw32-gcc-ar-win32	/bin/i686-w64-mingw32-gcc-ar-win32	/usr/bin/i686-w64-mingw32-gcc-ar-win32	gcc-mingw-w64-i686-win32
i686-w64-mingw32-gcc-nm	/bin/i686-w64-mingw32-gcc-nm	/usr/bin/i686-w64-mingw32-gcc-nm-win32	gcc-mingw-w64-i686-win32
i686-w64-mingw32-gcc-nm-win32	/bin/i686-w64-mingw32-gcc-nm-win32	/usr/bin/i686-w64-mingw32-gcc-nm-win32	gcc-mingw-w64-i686-win32
i686-w64-mingw32-gcc-ranlib	/bin/i686-w64-mingw32-gcc-ranlib	/usr/bin/i686-w64-mingw32-gcc-ranlib-win32	gcc-mingw-w64-i686-win32
i686-w64-mingw32-gcc-ranlib-win32	/bin/i686-w64-mingw32-gcc-ranlib-win32	/usr/bin/i686-w64-mingw32-gcc-ranlib-win32	gcc-mingw-w64-i686-win32
i686-w64-mingw32-gcc-win32	/bin/i686-w64-mingw32-gcc-win32	/usr/bin/i686-w64-mingw32-gcc-win32	gcc-mingw-w64-i686-win32
i686-w64-mingw32-gcov	/bin/i686-w64-mingw32-gcov	/usr/bin/i686-w64-mingw32-gcov-win32	gcc-mingw-w64-i686-win32
i686-w64-mingw32-gcov-dump	/bin/i686-w64-mingw32-gcov-dump	/usr/bin/i686-w64-mingw32-gcov-dump-win32	gcc-mingw-w64-i686-win32
i686-w64-mingw32-gcov-dump-win32	/bin/i686-w64-mingw32-gcov-dump-win32	/usr/bin/i686-w64-mingw32-gcov-dump-win32	gcc-mingw-w64-i686-win32
i686-w64-mingw32-gcov-tool	/bin/i686-w64-mingw32-gcov-tool	/usr/bin/i686-w64-mingw32-gcov-tool-win32	gcc-mingw-w64-i686-win32
i686-w64-mingw32-gcov-tool-win32	/bin/i686-w64-mingw32-gcov-tool-win32	/usr/bin/i686-w64-mingw32-gcov-tool-win32	gcc-mingw-w64-i686-win32
i686-w64-mingw32-gcov-win32	/bin/i686-w64-mingw32-gcov-win32	/usr/bin/i686-w64-mingw32-gcov-win32	gcc-mingw-w64-i686-win32
i686-w64-mingw32-gprof	/bin/i686-w64-mingw32-gprof	/usr/bin/i686-w64-mingw32-gprof	binutils-mingw-w64-i686
i686-w64-mingw32-ld	/bin/i686-w64-mingw32-ld	/usr/bin/i686-w64-mingw32-ld.bfd	binutils-mingw-w64-i686
i686-w64-mingw32-ld.bfd	/bin/i686-w64-mingw32-ld.bfd	/usr/bin/i686-w64-mingw32-ld.bfd	binutils-mingw-w64-i686
i686-w64-mingw32-lto-dump-win32	/bin/i686-w64-mingw32-lto-dump-win32	/usr/bin/i686-w64-mingw32-lto-dump-win32	gcc-mingw-w64-i686-win32
i686-w64-mingw32-nm	/bin/i686-w64-mingw32-nm	/usr/bin/i686-w64-mingw32-nm	binutils-mingw-w64-i686
i686-w64-mingw32-objcopy	/bin/i686-w64-mingw32-objcopy	/usr/bin/i686-w64-mingw32-objcopy	binutils-mingw-w64-i686
i686-w64-mingw32-objdump	/bin/i686-w64-mingw32-objdump	/usr/bin/i686-w64-mingw32-objdump	binutils-mingw-w64-i686
i686-w64-mingw32-ranlib	/bin/i686-w64-mingw32-ranlib	/usr/bin/i686-w64-mingw32-ranlib	binutils-mingw-w64-i686
i686-w64-mingw32-readelf	/bin/i686-w64-mingw32-readelf	/usr/bin/i686-w64-mingw32-readelf	binutils-mingw-w64-i686
i686-w64-mingw32-size	/bin/i686-w64-mingw32-size	/usr/bin/i686-w64-mingw32-size	binutils-mingw-w64-i686
i686-w64-mingw32-strings	/bin/i686-w64-mingw32-strings	/usr/bin/i686-w64-mingw32-strings	binutils-mingw-w64-i686
i686-w64-mingw32-strip	/bin/i686-w64-mingw32-strip	/usr/bin/i686-w64-mingw32-strip	binutils-mingw-w64-i686
i686-w64-mingw32-windmc	/bin/i686-w64-mingw32-windmc	/usr/bin/i686-w64-mingw32-windmc	binutils-mingw-w64-i686
i686-w64-mingw32-windres	/bin/i686-w64-mingw32-windres	/usr/bin/i686-w64-mingw32-windres	binutils-mingw-w64-i686
ibmiscanner2john	/bin/ibmiscanner2john	/usr/share/john/ibmiscanner2john.py	unowned
icat	/bin/icat	/usr/bin/icat	sleuthkit
iconv	/bin/iconv	/usr/bin/iconv	libc-bin
id	/bin/id	/usr/bin/id	coreutils
idna	/bin/idna	/usr/bin/idna	python3-idna
ifind	/bin/ifind	/usr/bin/ifind	sleuthkit
ike-scan	/bin/ike-scan	/usr/bin/ike-scan	ike-scan
ikescan2john	/bin/ikescan2john	/usr/share/john/ikescan2john.py	unowned
ils	/bin/ils	/usr/bin/ils	sleuthkit
img_cat	/bin/img_cat	/usr/bin/img_cat	sleuthkit
img_stat	/bin/img_stat	/usr/bin/img_stat	sleuthkit
impacket-DumpNTLMInfo	/bin/impacket-DumpNTLMInfo	/usr/share/impacket/script	unowned
impacket-Get-GPPPassword	/bin/impacket-Get-GPPPassword	/usr/share/impacket/script	unowned
impacket-GetADComputers	/bin/impacket-GetADComputers	/usr/share/impacket/script	unowned
impacket-GetADUsers	/bin/impacket-GetADUsers	/usr/share/impacket/script	unowned
impacket-GetLAPSPassword	/bin/impacket-GetLAPSPassword	/usr/share/impacket/script	unowned
impacket-GetNPUsers	/bin/impacket-GetNPUsers	/usr/share/impacket/script	unowned
impacket-GetUserSPNs	/bin/impacket-GetUserSPNs	/usr/share/impacket/script	unowned
impacket-addcomputer	/bin/impacket-addcomputer	/usr/share/impacket/script	unowned
impacket-atexec	/bin/impacket-atexec	/usr/share/impacket/script	unowned
impacket-changepasswd	/bin/impacket-changepasswd	/usr/share/impacket/script	unowned
impacket-dacledit	/bin/impacket-dacledit	/usr/share/impacket/script	unowned
impacket-dcomexec	/bin/impacket-dcomexec	/usr/share/impacket/script	unowned
impacket-describeTicket	/bin/impacket-describeTicket	/usr/share/impacket/script	unowned
impacket-dpapi	/bin/impacket-dpapi	/usr/share/impacket/script	unowned
impacket-esentutl	/bin/impacket-esentutl	/usr/share/impacket/script	unowned
impacket-exchanger	/bin/impacket-exchanger	/usr/share/impacket/script	unowned
impacket-findDelegation	/bin/impacket-findDelegation	/usr/share/impacket/script	unowned
impacket-getArch	/bin/impacket-getArch	/usr/share/impacket/script	unowned
impacket-getPac	/bin/impacket-getPac	/usr/share/impacket/script	unowned
impacket-getST	/bin/impacket-getST	/usr/share/impacket/script	unowned
impacket-getTGT	/bin/impacket-getTGT	/usr/share/impacket/script	unowned
impacket-goldenPac	/bin/impacket-goldenPac	/usr/share/impacket/script	unowned
impacket-karmaSMB	/bin/impacket-karmaSMB	/usr/share/impacket/script	unowned
impacket-keylistattack	/bin/impacket-keylistattack	/usr/share/impacket/script	unowned
impacket-lookupsid	/bin/impacket-lookupsid	/usr/share/impacket/script	unowned
impacket-machine_role	/bin/impacket-machine_role	/usr/share/impacket/script	unowned
impacket-mimikatz	/bin/impacket-mimikatz	/usr/share/impacket/script	unowned
impacket-mqtt_check	/bin/impacket-mqtt_check	/usr/share/impacket/script	unowned
impacket-mssqlclient	/bin/impacket-mssqlclient	/usr/share/impacket/script	unowned
impacket-mssqlinstance	/bin/impacket-mssqlinstance	/usr/share/impacket/script	unowned
impacket-net	/bin/impacket-net	/usr/share/impacket/script	unowned
impacket-netview	/bin/impacket-netview	/usr/share/impacket/script	unowned
impacket-ntfs-read	/bin/impacket-ntfs-read	/usr/share/impacket/script	unowned
impacket-ntlmrelayx	/bin/impacket-ntlmrelayx	/usr/share/impacket/script	unowned
impacket-owneredit	/bin/impacket-owneredit	/usr/share/impacket/script	unowned
impacket-ping	/bin/impacket-ping	/usr/share/impacket/script	unowned
impacket-ping6	/bin/impacket-ping6	/usr/share/impacket/script	unowned
impacket-psexec	/bin/impacket-psexec	/usr/share/impacket/script	unowned
impacket-raiseChild	/bin/impacket-raiseChild	/usr/share/impacket/script	unowned
impacket-rbcd	/bin/impacket-rbcd	/usr/share/impacket/script	unowned
impacket-rdp_check	/bin/impacket-rdp_check	/usr/share/impacket/script	unowned
impacket-reg	/bin/impacket-reg	/usr/share/impacket/script	unowned
impacket-registry-read	/bin/impacket-registry-read	/usr/share/impacket/script	unowned
impacket-rpcdump	/bin/impacket-rpcdump	/usr/share/impacket/script	unowned
impacket-rpcmap	/bin/impacket-rpcmap	/usr/share/impacket/script	unowned
impacket-sambaPipe	/bin/impacket-sambaPipe	/usr/share/impacket/script	unowned
impacket-samrdump	/bin/impacket-samrdump	/usr/share/impacket/script	unowned
impacket-secretsdump	/bin/impacket-secretsdump	/usr/share/impacket/script	unowned
impacket-services	/bin/impacket-services	/usr/share/impacket/script	unowned
impacket-smbclient	/bin/impacket-smbclient	/usr/share/impacket/script	unowned
impacket-smbexec	/bin/impacket-smbexec	/usr/share/impacket/script	unowned
impacket-smbserver	/bin/impacket-smbserver	/usr/share/impacket/script	unowned
impacket-sniff	/bin/impacket-sniff	/usr/share/impacket/script	unowned
impacket-sniffer	/bin/impacket-sniffer	/usr/share/impacket/script	unowned
impacket-split	/bin/impacket-split	/usr/share/impacket/script	unowned
impacket-ticketConverter	/bin/impacket-ticketConverter	/usr/share/impacket/script	unowned
impacket-ticketer	/bin/impacket-ticketer	/usr/share/impacket/script	unowned
impacket-tstool	/bin/impacket-tstool	/usr/share/impacket/script	unowned
impacket-wmiexec	/bin/impacket-wmiexec	/usr/share/impacket/script	unowned
impacket-wmipersist	/bin/impacket-wmipersist	/usr/share/impacket/script	unowned
impacket-wmiquery	/bin/impacket-wmiquery	/usr/share/impacket/script	unowned
inetsim	/bin/inetsim	/usr/bin/inetsim	inetsim
inetutils-telnet	/bin/inetutils-telnet	/usr/bin/inetutils-telnet	inetutils-telnet
infocmp	/bin/infocmp	/usr/bin/infocmp	ncurses-bin
infotocap	/bin/infotocap	/usr/bin/tic	ncurses-bin
innochecksum	/bin/innochecksum	/usr/bin/innochecksum	mariadb-server-core
innotop	/bin/innotop	/usr/bin/innotop	mariadb-client
install	/bin/install	/usr/bin/install	coreutils
instmodsh	/bin/instmodsh	/usr/bin/instmodsh	perl
inv	/bin/inv	/usr/bin/inv	python3-invoke
invoke	/bin/invoke	/usr/bin/invoke	python3-invoke
ionice	/bin/ionice	/usr/bin/ionice	util-linux
ios7tojohn	/bin/ios7tojohn	/usr/share/john/ios7tojohn.pl	unowned
ip	/bin/ip	/usr/bin/ip	iproute2
ipcmk	/bin/ipcmk	/usr/bin/ipcmk	util-linux
ipcrm	/bin/ipcrm	/usr/bin/ipcrm	util-linux
ipcs	/bin/ipcs	/usr/bin/ipcs	util-linux
ipwhois_cli	/bin/ipwhois_cli	/usr/bin/ipwhois_cli	python3-ipwhois
ipwhois_utils_cli	/bin/ipwhois_utils_cli	/usr/bin/ipwhois_utils_cli	python3-ipwhois
irb	/bin/irb	/usr/bin/irb3.3	ruby3.3
irb3.3	/bin/irb3.3	/usr/bin/irb3.3	ruby3.3
ischroot	/bin/ischroot	/usr/bin/ischroot	debianutils
ispell-wrapper	/bin/ispell-wrapper	/usr/bin/ispell-wrapper	dictionaries-common
istat	/bin/istat	/usr/bin/istat	sleuthkit
itunes_backup2john	/bin/itunes_backup2john	/usr/share/john/itunes_backup2john.pl	unowned
ivstools	/bin/ivstools	/usr/bin/ivstools	aircrack-ng
iwork2john	/bin/iwork2john	/usr/share/john/iwork2john.py	unowned
java	/bin/java	/usr/lib/jvm/java-25-openjdk-amd64/bin/java	unowned
jcat	/bin/jcat	/usr/bin/jcat	sleuthkit
jexec	/bin/jexec	/usr/lib/jvm/java-25-openjdk-amd64/lib/jexec	unowned
jls	/bin/jls	/usr/bin/jls	sleuthkit
join	/bin/join	/usr/bin/join	coreutils
journalctl	/bin/journalctl	/usr/bin/journalctl	systemd
jpackage	/bin/jpackage	/usr/lib/jvm/java-25-openjdk-amd64/bin/jpackage	unowned
jpeg_extract	/bin/jpeg_extract	/usr/bin/jpeg_extract	sleuthkit
jpegexiforient	/bin/jpegexiforient	/usr/bin/jpegexiforient	libjpeg-turbo-progs
jpegtran	/bin/jpegtran	/usr/bin/jpegtran	libjpeg-turbo-progs
json_pp	/bin/json_pp	/usr/bin/json_pp	perl
jsonschema	/bin/jsonschema	/usr/bin/jsonschema	python3-jsonschema
kali-check-apt-sources	/bin/kali-check-apt-sources	/usr/bin/kali-check-apt-sources	kali-defaults
kali-deprecated	/bin/kali-deprecated	/usr/bin/kali-deprecated	kali-defaults
kali-motd	/bin/kali-motd	/usr/bin/kali-motd	kali-defaults
kali-service-start	/bin/kali-service-start	/usr/bin/kali-service-start	kali-defaults
kali-service-stop	/bin/kali-service-stop	/usr/bin/kali-service-stop	kali-defaults
kali-setup	/bin/kali-setup	/usr/bin/kali-setup	kali-defaults
kali-treecd	/bin/kali-treecd	/usr/bin/kali-treecd	kali-defaults
kali-winexec	/bin/kali-winexec	/usr/bin/kali-winexec	kali-defaults
kdcdump2john	/bin/kdcdump2john	/usr/share/john/kdcdump2john.py	unowned
kernel-install	/bin/kernel-install	/usr/bin/kernel-install	systemd
keychain2john	/bin/keychain2john	/usr/share/john/keychain2john.py	unowned
keyctl	/bin/keyctl	/usr/bin/keyctl	keyutils
keyring2john	/bin/keyring2john	/usr/share/john/keyring2john.py	unowned
keystore2john	/bin/keystore2john	/usr/share/john/keystore2john.py	unowned
keytool	/bin/keytool	/usr/lib/jvm/java-25-openjdk-amd64/bin/keytool	unowned
kibitz	/bin/kibitz	/usr/bin/expect_kibitz	expect
kill	/bin/kill	/usr/bin/kill	procps
killall	/bin/killall	/usr/bin/killall	psmisc
kirbi2john	/bin/kirbi2john	/usr/share/john/kirbi2john.py	unowned
kismet	/bin/kismet	/usr/bin/kismet	kismet-core
kismet_cap_antsdr_droneid	/bin/kismet_cap_antsdr_droneid	/usr/bin/kismet_cap_antsdr_droneid	kismet-capture-antsdr-droneid
kismet_cap_freaklabs_zigbee	/bin/kismet_cap_freaklabs_zigbee	/usr/bin/kismet_cap_freaklabs_zigbee	kismet-capture-freaklabs-zigbee
kismet_cap_hak5_wifi_coconut	/bin/kismet_cap_hak5_wifi_coconut	/usr/bin/kismet_cap_hak5_wifi_coconut	kismet-capture-hak5-wifi-coconut
kismet_cap_kismetdb	/bin/kismet_cap_kismetdb	/usr/bin/kismet_cap_kismetdb	kismet-core
kismet_cap_linux_bluetooth	/bin/kismet_cap_linux_bluetooth	/usr/bin/kismet_cap_linux_bluetooth	kismet-capture-linux-bluetooth
kismet_cap_linux_wifi	/bin/kismet_cap_linux_wifi	/usr/bin/kismet_cap_linux_wifi	kismet-capture-linux-wifi
kismet_cap_nrf_51822	/bin/kismet_cap_nrf_51822	/usr/bin/kismet_cap_nrf_51822	kismet-capture-nrf-51822
kismet_cap_nrf_52840	/bin/kismet_cap_nrf_52840	/usr/bin/kismet_cap_nrf_52840	kismet-capture-nrf-52840
kismet_cap_nrf_mousejack	/bin/kismet_cap_nrf_mousejack	/usr/bin/kismet_cap_nrf_mousejack	kismet-capture-nrf-mousejack
kismet_cap_nxp_kw41z	/bin/kismet_cap_nxp_kw41z	/usr/bin/kismet_cap_nxp_kw41z	kismet-capture-nxp-kw41z
kismet_cap_pcapfile	/bin/kismet_cap_pcapfile	/usr/bin/kismet_cap_pcapfile	kismet-core
kismet_cap_radiacode_usb	/bin/kismet_cap_radiacode_usb	/usr/bin/kismet_cap_radiacode_usb	kismet-capture-radiacode-usb
kismet_cap_rz_killerbee	/bin/kismet_cap_rz_killerbee	/usr/bin/kismet_cap_rz_killerbee	kismet-capture-rz-killerbee
kismet_cap_sdr_rtl433	/bin/kismet_cap_sdr_rtl433	/usr/bin/kismet_cap_sdr_rtl433	kismet-capture-rtl433
kismet_cap_sdr_rtladsb	/bin/kismet_cap_sdr_rtladsb	/usr/bin/kismet_cap_sdr_rtladsb	kismet-capture-rtladsb
kismet_cap_serial_radview	/bin/kismet_cap_serial_radview	/usr/bin/kismet_cap_serial_radview	kismet-capture-serial-radview
kismet_cap_ti_cc_2531	/bin/kismet_cap_ti_cc_2531	/usr/bin/kismet_cap_ti_cc_2531	kismet-capture-ti-cc-2531
kismet_cap_ti_cc_2540	/bin/kismet_cap_ti_cc_2540	/usr/bin/kismet_cap_ti_cc_2540	kismet-capture-ti-cc-2540
kismet_cap_ubertooth_one	/bin/kismet_cap_ubertooth_one	/usr/bin/kismet_cap_ubertooth_one	kismet-capture-ubertooth-one
kismet_server	/bin/kismet_server	/usr/bin/kismet_server	kismet-core
kismetdb_clean	/bin/kismetdb_clean	/usr/bin/kismetdb_clean	kismet-logtools
kismetdb_dump_devices	/bin/kismetdb_dump_devices	/usr/bin/kismetdb_dump_devices	kismet-logtools
kismetdb_statistics	/bin/kismetdb_statistics	/usr/bin/kismetdb_statistics	kismet-logtools
kismetdb_strip_packets	/bin/kismetdb_strip_packets	/usr/bin/kismetdb_strip_packets	kismet-logtools
kismetdb_to_gpx	/bin/kismetdb_to_gpx	/usr/bin/kismetdb_to_gpx	kismet-logtools
kismetdb_to_kml	/bin/kismetdb_to_kml	/usr/bin/kismetdb_to_kml	kismet-logtools
kismetdb_to_pcap	/bin/kismetdb_to_pcap	/usr/bin/kismetdb_to_pcap	kismet-logtools
kismetdb_to_wiglecsv	/bin/kismetdb_to_wiglecsv	/usr/bin/kismetdb_to_wiglecsv	kismet-logtools
kmod	/bin/kmod	/usr/bin/kmod	kmod
known_hosts2john	/bin/known_hosts2john	/usr/share/john/known_hosts2john.py	unowned
krb2john	/bin/krb2john	/usr/share/john/krb2john.py	unowned
krb5-config	/bin/krb5-config	/usr/bin/krb5-config.mit	krb5-multidev:amd64
krb5-config.mit	/bin/krb5-config.mit	/usr/bin/krb5-config.mit	krb5-multidev:amd64
kstats	/bin/kstats	/usr/bin/kstats	aircrack-ng
kwallet2john	/bin/kwallet2john	/usr/share/john/kwallet2john.py	unowned
l2ping	/bin/l2ping	/usr/bin/l2ping	bluez
l2test	/bin/l2test	/usr/bin/l2test	bluez
lastpass2john	/bin/lastpass2john	/usr/share/john/lastpass2john.py	unowned
laudanum	/bin/laudanum	/usr/bin/laudanum	laudanum
lbd	/bin/lbd	/usr/bin/lbd	lbd
ld	/bin/ld	/usr/bin/x86_64-linux-gnu-ld.bfd	binutils-x86-64-linux-gnu
ld.bfd	/bin/ld.bfd	/usr/bin/x86_64-linux-gnu-ld.bfd	binutils-x86-64-linux-gnu
ld.so	/bin/ld.so	/usr/lib/x86_64-linux-gnu/ld-linux-x86-64.so.2	unowned
ldapadd	/bin/ldapadd	/usr/bin/ldapmodify	ldap-utils
ldapcompare	/bin/ldapcompare	/usr/bin/ldapcompare	ldap-utils
ldapdelete	/bin/ldapdelete	/usr/bin/ldapdelete	ldap-utils
ldapdomaindump	/bin/ldapdomaindump	/usr/bin/ldapdomaindump	python3-ldapdomaindump
ldapexop	/bin/ldapexop	/usr/bin/ldapexop	ldap-utils
ldapmodify	/bin/ldapmodify	/usr/bin/ldapmodify	ldap-utils
ldapmodrdn	/bin/ldapmodrdn	/usr/bin/ldapmodrdn	ldap-utils
ldappasswd	/bin/ldappasswd	/usr/bin/ldappasswd	ldap-utils
ldapsearch	/bin/ldapsearch	/usr/bin/ldapsearch	ldap-utils
ldapurl	/bin/ldapurl	/usr/bin/ldapurl	ldap-utils
ldapwhoami	/bin/ldapwhoami	/usr/bin/ldapwhoami	ldap-utils
ldd	/bin/ldd	/usr/bin/ldd	libc-bin
ldd2bloodhound	/bin/ldd2bloodhound	/usr/bin/ldd2bloodhound	python3-ldapdomaindump
ldd2pretty	/bin/ldd2pretty	/usr/bin/ldd2pretty	python3-ldapdomaindump
ldif2john	/bin/ldif2john	/usr/share/john/ldif2john.pl	unowned
lft	/bin/lft	/usr/bin/lft.db	traceroute
lft.db	/bin/lft.db	/usr/bin/lft.db	traceroute
libnetcfg	/bin/libnetcfg	/usr/bin/libnetcfg	perl
libpostal_data	/bin/libpostal_data	/usr/bin/libpostal_data	libpostal-data
libreoffice2john	/bin/libreoffice2john	/usr/share/john/libreoffice2john.py	unowned
line_send_tcp	/bin/line_send_tcp	/usr/bin/line_send_tcp	spike
link	/bin/link	/usr/bin/link	coreutils
linpeas	/bin/linpeas	/usr/bin/linpeas	peass
linux-check-removal	/bin/linux-check-removal	/usr/bin/linux-check-removal	linux-base
linux-run-hooks	/bin/linux-run-hooks	/usr/bin/linux-run-hooks	linux-base
linux-update-symlinks	/bin/linux-update-symlinks	/usr/bin/linux-update-symlinks	linux-base
linux-version	/bin/linux-version	/usr/bin/linux-version	linux-base
linux32	/bin/linux32	/usr/bin/setarch	util-linux
linux64	/bin/linux64	/usr/bin/setarch	util-linux
lion2john	/bin/lion2john	/usr/share/john/lion2john.pl	unowned
listres	/bin/listres	/usr/bin/listres	x11-utils
llvm-spirv-21	/bin/llvm-spirv-21	/usr/bin/llvm-spirv-21	llvm-spirv-21
ln	/bin/ln	/usr/bin/ln	coreutils
lnstat	/bin/lnstat	/usr/bin/lnstat	iproute2
locale	/bin/locale	/usr/bin/locale	libc-bin
localectl	/bin/localectl	/usr/bin/localectl	systemd
localedef	/bin/localedef	/usr/bin/localedef	libc-bin
locate	/bin/locate	/usr/bin/plocate	plocate
logger	/bin/logger	/usr/bin/logger	util-linux
login	/bin/login	/usr/bin/login	login
loginctl	/bin/loginctl	/usr/bin/loginctl	systemd
logname	/bin/logname	/usr/bin/logname	coreutils
logresolve	/bin/logresolve	/usr/bin/logresolve	apache2-utils
lotus2john	/bin/lotus2john	/usr/share/john/lotus2john.py	unowned
lowntfs-3g	/bin/lowntfs-3g	/usr/bin/lowntfs-3g	ntfs-3g
lpunlock	/bin/lpunlock	/usr/bin/expect_lpunlock	expect
ls	/bin/ls	/usr/bin/ls	coreutils
lsassy	/bin/lsassy	/usr/bin/lsassy	python3-lsassy
lsblk	/bin/lsblk	/usr/bin/lsblk	util-linux
lscpu	/bin/lscpu	/usr/bin/lscpu	util-linux
lsinitramfs	/bin/lsinitramfs	/usr/bin/lsinitramfs	initramfs-tools-core
lsipc	/bin/lsipc	/usr/bin/lsipc	util-linux
lslocks	/bin/lslocks	/usr/bin/lslocks	util-linux
lsmod	/bin/lsmod	/usr/bin/kmod	kmod
lsns	/bin/lsns	/usr/bin/lsns	util-linux
lsof	/bin/lsof	/usr/bin/lsof	lsof
lstopo	/bin/lstopo	/usr/bin/lstopo	hwloc
lstopo-no-graphics	/bin/lstopo-no-graphics	/usr/bin/lstopo-no-graphics	hwloc
lsusb	/bin/lsusb	/usr/bin/lsusb	usbutils
luks2john	/bin/luks2john	/usr/share/john/luks2john.py	unowned
lwp-download	/bin/lwp-download	/usr/bin/lwp-download	libwww-perl
lwp-dump	/bin/lwp-dump	/usr/bin/lwp-dump	libwww-perl
lwp-mirror	/bin/lwp-mirror	/usr/bin/lwp-mirror	libwww-perl
lwp-request	/bin/lwp-request	/usr/bin/lwp-request	libwww-perl
mac2john	/bin/mac2john	/usr/share/john/mac2john.py	unowned
mac2unix	/bin/mac2unix	/usr/bin/dos2unix	dos2unix
macchanger	/bin/macchanger	/usr/bin/macchanger	macchanger
macof	/bin/macof	/usr/bin/macof	dsniff
mactime	/bin/mactime	/usr/bin/mactime	sleuthkit
magicrescue	/bin/magicrescue	/usr/bin/magicrescue	magicrescue
magicsort	/bin/magicsort	/usr/bin/magicsort	magicrescue
mailmail3	/bin/mailmail3	/usr/bin/mailmail3	python3-twisted
mailsnarf	/bin/mailsnarf	/usr/bin/mailsnarf	dsniff
makeivs-ng	/bin/makeivs-ng	/usr/bin/makeivs-ng	aircrack-ng
mako-render	/bin/mako-render	/usr/bin/mako-render	python3-mako
mariadb	/bin/mariadb	/usr/bin/mariadb	mariadb-client-core
mariadb-access	/bin/mariadb-access	/usr/bin/mariadb-access	mariadb-client
mariadb-admin	/bin/mariadb-admin	/usr/bin/mariadb-admin	mariadb-client
mariadb-analyze	/bin/mariadb-analyze	/usr/bin/mariadb-check	mariadb-client-core
mariadb-binlog	/bin/mariadb-binlog	/usr/bin/mariadb-binlog	mariadb-client
mariadb-check	/bin/mariadb-check	/usr/bin/mariadb-check	mariadb-client-core
mariadb-conv	/bin/mariadb-conv	/usr/bin/mariadb-conv	mariadb-client
mariadb-convert-table-format	/bin/mariadb-convert-table-format	/usr/bin/mariadb-convert-table-format	mariadb-client
mariadb-dump	/bin/mariadb-dump	/usr/bin/mariadb-dump	mariadb-client
mariadb-dumpslow	/bin/mariadb-dumpslow	/usr/bin/mariadb-dumpslow	mariadb-client
mariadb-find-rows	/bin/mariadb-find-rows	/usr/bin/mariadb-find-rows	mariadb-client
mariadb-fix-extensions	/bin/mariadb-fix-extensions	/usr/bin/mariadb-fix-extensions	mariadb-client
mariadb-hotcopy	/bin/mariadb-hotcopy	/usr/bin/mariadb-hotcopy	mariadb-client
mariadb-import	/bin/mariadb-import	/usr/bin/mariadb-import	mariadb-client
mariadb-install-db	/bin/mariadb-install-db	/usr/bin/mariadb-install-db	mariadb-server-core
mariadb-migrate-config-file	/bin/mariadb-migrate-config-file	/usr/bin/mariadb-migrate-config-file	mariadb-client-core
mariadb-optimize	/bin/mariadb-optimize	/usr/bin/mariadb-check	mariadb-client-core
mariadb-plugin	/bin/mariadb-plugin	/usr/bin/mariadb-plugin	mariadb-client
mariadb-repair	/bin/mariadb-repair	/usr/bin/mariadb-check	mariadb-client-core
mariadb-report	/bin/mariadb-report	/usr/bin/mariadb-report	mariadb-client
mariadb-secure-installation	/bin/mariadb-secure-installation	/usr/bin/mariadb-secure-installation	mariadb-client
mariadb-service-convert	/bin/mariadb-service-convert	/usr/bin/mariadb-service-convert	mariadb-server
mariadb-setpermission	/bin/mariadb-setpermission	/usr/bin/mariadb-setpermission	mariadb-client
mariadb-show	/bin/mariadb-show	/usr/bin/mariadb-show	mariadb-client
mariadb-slap	/bin/mariadb-slap	/usr/bin/mariadb-slap	mariadb-client
mariadb-tzinfo-to-sql	/bin/mariadb-tzinfo-to-sql	/usr/bin/mariadb-tzinfo-to-sql	mariadb-client
mariadb-upgrade	/bin/mariadb-upgrade	/usr/bin/mariadb-upgrade	mariadb-server-core
mariadb-waitpid	/bin/mariadb-waitpid	/usr/bin/mariadb-waitpid	mariadb-client
mariadbcheck	/bin/mariadbcheck	/usr/bin/mariadb-check	mariadb-client-core
mariadbd-multi	/bin/mariadbd-multi	/usr/bin/mariadbd-multi	mariadb-server
mariadbd-safe	/bin/mariadbd-safe	/usr/bin/mariadbd-safe	mariadb-server
mariadbd-safe-helper	/bin/mariadbd-safe-helper	/usr/bin/mariadbd-safe-helper	mariadb-server
markdown-it	/bin/markdown-it	/usr/bin/markdown-it	python3-markdown-it
markdown2	/bin/markdown2	/usr/bin/markdown2	python3-markdown2
masky	/bin/masky	/usr/bin/masky	python3-masky
masscan	/bin/masscan	/usr/bin/masscan	masscan
mawk	/bin/mawk	/usr/bin/mawk	mawk
mcafee_epo2john	/bin/mcafee_epo2john	/usr/share/john/mcafee_epo2john.py	unowned
mcookie	/bin/mcookie	/usr/bin/mcookie	util-linux
md2pdf	/bin/md2pdf	/usr/bin/md2pdf	python3-md2pdf
md5deep	/bin/md5deep	/usr/bin/md5deep	hashdeep
md5sum	/bin/md5sum	/usr/bin/md5sum	coreutils
mdig	/bin/mdig	/usr/bin/mdig	bind9-dnsutils
mdsearch	/bin/mdsearch	/usr/bin/mdsearch	smbclient
mech-dump	/bin/mech-dump	/usr/bin/mech-dump	libwww-mechanize-perl
mergecap	/bin/mergecap	/usr/bin/mergecap	wireshark-common
metaflac	/bin/metaflac	/usr/bin/metaflac	flac
mimikatz	/bin/mimikatz	/usr/bin/mimikatz	mimikatz
minicom	/bin/minicom	/usr/bin/minicom	minicom
minidump	/bin/minidump	/usr/bin/minidump	python3-minidump
minikerberos-asreproast	/bin/minikerberos-asreproast	/usr/bin/minikerberos-asreproast	python3-minikerberos
minikerberos-ccache2kirbi	/bin/minikerberos-ccache2kirbi	/usr/bin/minikerberos-ccache2kirbi	python3-minikerberos
minikerberos-ccacheedit	/bin/minikerberos-ccacheedit	/usr/bin/minikerberos-ccacheedit	python3-minikerberos
minikerberos-ccacheroast	/bin/minikerberos-ccacheroast	/usr/bin/minikerberos-ccacheroast	python3-minikerberos
minikerberos-changepw	/bin/minikerberos-changepw	/usr/bin/minikerberos-changepw	python3-minikerberos
minikerberos-cve202233647	/bin/minikerberos-cve202233647	/usr/bin/minikerberos-cve202233647	python3-minikerberos
minikerberos-cve202233679	/bin/minikerberos-cve202233679	/usr/bin/minikerberos-cve202233679	python3-minikerberos
minikerberos-getNTPKInit	/bin/minikerberos-getNTPKInit	/usr/bin/minikerberos-getNTPKInit	python3-minikerberos
minikerberos-getS4U2proxy	/bin/minikerberos-getS4U2proxy	/usr/bin/minikerberos-getS4U2proxy	python3-minikerberos
minikerberos-getS4U2self	/bin/minikerberos-getS4U2self	/usr/bin/minikerberos-getS4U2self	python3-minikerberos
minikerberos-getTGS	/bin/minikerberos-getTGS	/usr/bin/minikerberos-getTGS	python3-minikerberos
minikerberos-getTGT	/bin/minikerberos-getTGT	/usr/bin/minikerberos-getTGT	python3-minikerberos
minikerberos-kerb23hashdecrypt	/bin/minikerberos-kerb23hashdecrypt	/usr/bin/minikerberos-kerb23hashdecrypt	python3-minikerberos
minikerberos-kerberoast	/bin/minikerberos-kerberoast	/usr/bin/minikerberos-kerberoast	python3-minikerberos
minikerberos-kirbi2ccache	/bin/minikerberos-kirbi2ccache	/usr/bin/minikerberos-kirbi2ccache	python3-minikerberos
minitest	/bin/minitest	/usr/bin/minitest	ruby-minitest
mitmdump	/bin/mitmdump	/usr/bin/mitmdump	mitmproxy
mitmproxy	/bin/mitmproxy	/usr/bin/mitmproxy	mitmproxy
mitmweb	/bin/mitmweb	/usr/bin/mitmweb	mitmproxy
mkdir	/bin/mkdir	/usr/bin/mkdir	coreutils
mkfifo	/bin/mkfifo	/usr/bin/mkfifo	coreutils
mknod	/bin/mknod	/usr/bin/mknod	coreutils
mkpasswd	/bin/mkpasswd	/usr/bin/mkpasswd	whois
mktemp	/bin/mktemp	/usr/bin/mktemp	coreutils
mmcat	/bin/mmcat	/usr/bin/mmcat	sleuthkit
mmdbresolve	/bin/mmdbresolve	/usr/bin/mmdbresolve	wireshark-common
mmls	/bin/mmls	/usr/bin/mmls	sleuthkit
mmstat	/bin/mmstat	/usr/bin/mmstat	sleuthkit
monero2john	/bin/monero2john	/usr/share/john/monero2john.py	unowned
money2john	/bin/money2john	/usr/share/john/money2john.py	unowned
more	/bin/more	/usr/bin/more	util-linux
mosquitto2john	/bin/mosquitto2john	/usr/share/john/mosquitto2john.py	unowned
mount	/bin/mount	/usr/bin/mount	mount
mountpoint	/bin/mountpoint	/usr/bin/mountpoint	util-linux
mozilla2john	/bin/mozilla2john	/usr/share/john/mozilla2john.py	unowned
mp3-decoder	/bin/mp3-decoder	/usr/bin/mpg123	mpg123
mp32	/bin/mp32	/usr/bin/mp64	maskprocessor
mp64	/bin/mp64	/usr/bin/mp64	maskprocessor
mpg123	/bin/mpg123	/usr/bin/mpg123	mpg123
mpg123-alsa	/bin/mpg123-alsa	/usr/bin/mpg123-alsa	mpg123
mpg123-id3dump	/bin/mpg123-id3dump	/usr/bin/mpg123-id3dump	mpg123
mpg123-jack	/bin/mpg123-jack	/usr/bin/mpg123-jack	mpg123
mpg123-openal	/bin/mpg123-openal	/usr/bin/mpg123-openal	mpg123
mpg123-oss	/bin/mpg123-oss	/usr/bin/mpg123-oss	mpg123
mpg123-portaudio	/bin/mpg123-portaudio	/usr/bin/mpg123-portaudio	mpg123
mpg123-pulse	/bin/mpg123-pulse	/usr/bin/mpg123-pulse	mpg123
mpg123-strip	/bin/mpg123-strip	/usr/bin/mpg123-strip	mpg123
mpris-proxy	/bin/mpris-proxy	/usr/bin/mpris-proxy	bluez
msf-egghunter	/bin/msf-egghunter	/usr/share/metasploit-framework/script-exploit	unowned
msf-exe2vba	/bin/msf-exe2vba	/usr/share/metasploit-framework/script-exploit	unowned
msf-exe2vbs	/bin/msf-exe2vbs	/usr/share/metasploit-framework/script-exploit	unowned
msf-find_badchars	/bin/msf-find_badchars	/usr/share/metasploit-framework/script-exploit	unowned
msf-halflm_second	/bin/msf-halflm_second	/usr/share/metasploit-framework/script-password	unowned
msf-hmac_sha1_crack	/bin/msf-hmac_sha1_crack	/usr/share/metasploit-framework/script-password	unowned
msf-java_deserializer	/bin/msf-java_deserializer	/usr/share/metasploit-framework/script-exploit	unowned
msf-jsobfu	/bin/msf-jsobfu	/usr/share/metasploit-framework/script-exploit	unowned
msf-makeiplist	/bin/msf-makeiplist	/usr/share/metasploit-framework/script-recon	unowned
msf-md5_lookup	/bin/msf-md5_lookup	/usr/share/metasploit-framework/script-password	unowned
msf-metasm_shell	/bin/msf-metasm_shell	/usr/share/metasploit-framework/script-exploit	unowned
msf-msf_irb_shell	/bin/msf-msf_irb_shell	/usr/share/metasploit-framework/script-exploit	unowned
msf-nasm_shell	/bin/msf-nasm_shell	/usr/share/metasploit-framework/script-exploit	unowned
msf-pattern_create	/bin/msf-pattern_create	/usr/share/metasploit-framework/script-exploit	unowned
msf-pattern_offset	/bin/msf-pattern_offset	/usr/share/metasploit-framework/script-exploit	unowned
msf-pdf2xdp	/bin/msf-pdf2xdp	/usr/share/metasploit-framework/script-exploit	unowned
msf-virustotal	/bin/msf-virustotal	/usr/share/metasploit-framework/script-exploit	unowned
msfconsole	/bin/msfconsole	/usr/share/metasploit-framework/msfconsole	unowned
msfd	/bin/msfd	/usr/share/metasploit-framework/msfd	unowned
msfdb	/bin/msfdb	/usr/share/metasploit-framework/msfdb	unowned
msfpc	/bin/msfpc	/usr/bin/msfpc	msfpc
msfrpc	/bin/msfrpc	/usr/share/metasploit-framework/msfrpc	unowned
msfrpcd	/bin/msfrpcd	/usr/share/metasploit-framework/msfrpcd	unowned
msfupdate	/bin/msfupdate	/usr/share/metasploit-framework/msfupdate	unowned
msfvenom	/bin/msfvenom	/usr/share/metasploit-framework/msfvenom	unowned
msgsnarf	/bin/msgsnarf	/usr/bin/msgsnarf	dsniff
msldap	/bin/msldap	/usr/bin/msldap	python3-msldap
msldap-bloodhound	/bin/msldap-bloodhound	/usr/bin/msldap-bloodhound	python3-msldap
msql2mysql	/bin/msql2mysql	/usr/bin/msql2mysql	mariadb-client
msrpcfuzz	/bin/msrpcfuzz	/usr/bin/msrpcfuzz	spike
msrpcfuzz_udp	/bin/msrpcfuzz_udp	/usr/bin/msrpcfuzz_udp	spike
multibit2john	/bin/multibit2john	/usr/share/john/multibit2john.py	unowned
multimac	/bin/multimac	/usr/bin/multimac	multimac
multixterm	/bin/multixterm	/usr/bin/expect_multixterm	expect
mv	/bin/mv	/usr/bin/mv	coreutils
mvxattr	/bin/mvxattr	/usr/bin/mvxattr	samba
my_print_defaults	/bin/my_print_defaults	/usr/bin/my_print_defaults	mariadb-client-core
myisam_ftdump	/bin/myisam_ftdump	/usr/bin/myisam_ftdump	mariadb-server
myisamchk	/bin/myisamchk	/usr/bin/myisamchk	mariadb-server
myisamlog	/bin/myisamlog	/usr/bin/myisamlog	mariadb-server
myisampack	/bin/myisampack	/usr/bin/myisampack	mariadb-server
mysql	/bin/mysql	/usr/bin/mariadb	mariadb-client-core
mysql_install_db	/bin/mysql_install_db	/usr/bin/mariadb-install-db	mariadb-server-core
mysql_upgrade	/bin/mysql_upgrade	/usr/bin/mariadb-upgrade	mariadb-server-core
mysqladmin	/bin/mysqladmin	/usr/bin/mariadb-admin	mariadb-client
mysqld_multi	/bin/mysqld_multi	/usr/bin/mariadbd-multi	mariadb-server
mysqld_safe	/bin/mysqld_safe	/usr/bin/mariadbd-safe	mariadb-server
mysqld_safe_helper	/bin/mysqld_safe_helper	/usr/bin/mariadbd-safe-helper	mariadb-server
mysqldump	/bin/mysqldump	/usr/bin/mariadb-dump	mariadb-client
mytop	/bin/mytop	/usr/bin/mytop	mariadb-client
namei	/bin/namei	/usr/bin/namei	util-linux
nasm	/bin/nasm	/usr/bin/nasm	nasm
nawk	/bin/nawk	/usr/bin/gawk	gawk
nbtscan	/bin/nbtscan	/usr/bin/nbtscan	nbtscan
nc	/bin/nc	/usr/bin/nc.traditional	netcat-traditional
nc.traditional	/bin/nc.traditional	/usr/bin/nc.traditional	netcat-traditional
ncrack	/bin/ncrack	/usr/bin/ncrack	ncrack
ndisasm	/bin/ndisasm	/usr/bin/ndisasm	nasm
neo2john	/bin/neo2john	/usr/share/john/neo2john.py	unowned
net	/bin/net	/usr/bin/net	samba-common-bin
net-server	/bin/net-server	/usr/bin/net-server	libnet-server-perl
net-snmp-create-v3-user	/bin/net-snmp-create-v3-user	/usr/bin/net-snmp-create-v3-user	snmpd
netaddr	/bin/netaddr	/usr/bin/netaddr	python3-netaddr
netcat	/bin/netcat	/usr/bin/nc.traditional	netcat-traditional
netexec	/bin/netexec	/usr/bin/netexec	netexec
netmask	/bin/netmask	/usr/bin/netmask	netmask
netsed	/bin/netsed	/usr/bin/netsed	netsed
netshaper	/bin/netshaper	/usr/bin/netshaper	iproute2
netstat	/bin/netstat	/usr/bin/netstat	net-tools
networkctl	/bin/networkctl	/usr/bin/networkctl	systemd
ngrep	/bin/ngrep	/usr/bin/ngrep	ngrep
nice	/bin/nice	/usr/bin/nice	coreutils
nikto	/bin/nikto	/usr/bin/nikto	nikto
nisdomainname	/bin/nisdomainname	/usr/bin/hostname	hostname
nl	/bin/nl	/usr/bin/nl	coreutils
nm	/bin/nm	/usr/bin/x86_64-linux-gnu-nm	binutils-x86-64-linux-gnu
nmap	/bin/nmap	/usr/bin/nmap	nmap
nmblookup	/bin/nmblookup	/usr/bin/nmblookup	samba-common-bin
nohup	/bin/nohup	/usr/bin/nohup	coreutils
nokogiri	/bin/nokogiri	/usr/bin/nokogiri	ruby-nokogiri
normalizer	/bin/normalizer	/usr/bin/normalizer	python3-charset-normalizer
nping	/bin/nping	/usr/bin/nping	nmap
nproc	/bin/nproc	/usr/bin/nproc	coreutils
nsenter	/bin/nsenter	/usr/bin/nsenter	util-linux
nslookup	/bin/nslookup	/usr/bin/nslookup	bind9-dnsutils
nstat	/bin/nstat	/usr/bin/nstat	iproute2
nsupdate	/bin/nsupdate	/usr/bin/nsupdate	bind9-dnsutils
ntfs-3g	/bin/ntfs-3g	/usr/bin/ntfs-3g	ntfs-3g
ntfs-3g.probe	/bin/ntfs-3g.probe	/usr/bin/ntfs-3g.probe	ntfs-3g
ntfscat	/bin/ntfscat	/usr/bin/ntfscat	ntfs-3g
ntfscluster	/bin/ntfscluster	/usr/bin/ntfscluster	ntfs-3g
ntfscmp	/bin/ntfscmp	/usr/bin/ntfscmp	ntfs-3g
ntfsdecrypt	/bin/ntfsdecrypt	/usr/bin/ntfsdecrypt	ntfs-3g
ntfsfallocate	/bin/ntfsfallocate	/usr/bin/ntfsfallocate	ntfs-3g
ntfsfix	/bin/ntfsfix	/usr/bin/ntfsfix	ntfs-3g
ntfsinfo	/bin/ntfsinfo	/usr/bin/ntfsinfo	ntfs-3g
ntfsls	/bin/ntfsls	/usr/bin/ntfsls	ntfs-3g
ntfsmove	/bin/ntfsmove	/usr/bin/ntfsmove	ntfs-3g
ntfsrecover	/bin/ntfsrecover	/usr/bin/ntfsrecover	ntfs-3g
ntfssecaudit	/bin/ntfssecaudit	/usr/bin/ntfssecaudit	ntfs-3g
ntfstruncate	/bin/ntfstruncate	/usr/bin/ntfstruncate	ntfs-3g
ntfsusermap	/bin/ntfsusermap	/usr/bin/ntfsusermap	ntfs-3g
ntfswipe	/bin/ntfswipe	/usr/bin/ntfswipe	ntfs-3g
ntlm2	/bin/ntlm2	/usr/bin/ntlm2	spike
ntlm_brute	/bin/ntlm_brute	/usr/bin/ntlm_brute	spike
numfmt	/bin/numfmt	/usr/bin/numfmt	coreutils
numpy-config	/bin/numpy-config	/usr/bin/numpy-config	python3-numpy
nxc	/bin/nxc	/usr/bin/nxc	netexec
nxcdb	/bin/nxcdb	/usr/bin/nxcdb	netexec
oLschema2ldif	/bin/oLschema2ldif	/usr/bin/oLschema2ldif	samba
obexctl	/bin/obexctl	/usr/bin/obexctl	bluez
objcopy	/bin/objcopy	/usr/bin/x86_64-linux-gnu-objcopy	binutils-x86-64-linux-gnu
objdump	/bin/objdump	/usr/bin/x86_64-linux-gnu-objdump	binutils-x86-64-linux-gnu
od	/bin/od	/usr/bin/od	coreutils
office2john	/bin/office2john	/usr/share/john/office2john.py	unowned
onesixtyone	/bin/onesixtyone	/usr/bin/onesixtyone	onesixtyone
open	/bin/open	/usr/bin/xdg-open	xdg-utils
openbsd_softraid2john	/bin/openbsd_softraid2john	/usr/share/john/openbsd_softraid2john.py	unowned
openssl	/bin/openssl	/usr/bin/openssl	openssl
openssl2john	/bin/openssl2john	/usr/share/john/openssl2john.py	unowned
out123	/bin/out123	/usr/bin/out123	mpg123
p7zip	/bin/p7zip	/usr/bin/p7zip	7zip
packetforge-ng	/bin/packetforge-ng	/usr/bin/packetforge-ng	aircrack-ng
padlock2john	/bin/padlock2john	/usr/share/john/padlock2john.py	unowned
pager	/bin/pager	/usr/bin/more	util-linux
partx	/bin/partx	/usr/bin/partx	util-linux
passmass	/bin/passmass	/usr/bin/expect_passmass	expect
passwd	/bin/passwd	/usr/bin/passwd	passwd
paste	/bin/paste	/usr/bin/paste	coreutils
patator	/bin/patator	/usr/bin/patator	patator
pathchk	/bin/pathchk	/usr/bin/pathchk	coreutils
pcap2john	/bin/pcap2john	/usr/share/john/pcap2john.py	unowned
pcf2vpnc	/bin/pcf2vpnc	/usr/bin/pcf2vpnc	vpnc
pdb3	/bin/pdb3	/usr/bin/pdb3.14	python3.14
pdb3.14	/bin/pdb3.14	/usr/bin/pdb3.14	python3.14
pdbedit	/bin/pdbedit	/usr/bin/pdbedit	samba
pdf-parser	/bin/pdf-parser	/usr/bin/pdf-parser	pdf-parser
pdf2john	/bin/pdf2john	/usr/share/john/pdf2john.pl	unowned
pdfid	/bin/pdfid	/usr/bin/pdfid	pdfid
peass	/bin/peass	/usr/bin/peass	peass
peekfd	/bin/peekfd	/usr/bin/peekfd	psmisc
pem2john	/bin/pem2john	/usr/share/john/pem2john.py	unowned
perl	/bin/perl	/usr/bin/perl	perl-base
perl5.42-x86_64-linux-gnu	/bin/perl5.42-x86_64-linux-gnu	/usr/bin/perl5.42-x86_64-linux-gnu	libperl5.42:amd64
perl5.42.2	/bin/perl5.42.2	/usr/bin/perl5.42.2	perl-base
perlbug	/bin/perlbug	/usr/bin/perlbug	perl
perldoc	/bin/perldoc	/usr/bin/perldoc	perl
perlivp	/bin/perlivp	/usr/bin/perlivp	perl
perlthanks	/bin/perlthanks	/usr/bin/perlthanks	perl
perror	/bin/perror	/usr/bin/perror	mariadb-client
pfx2john	/bin/pfx2john	/usr/share/john/pfx2john.py	unowned
pg_archivecleanup	/bin/pg_archivecleanup	/usr/share/postgresql-common/pg_wrapper	unowned
pg_backupcluster	/bin/pg_backupcluster	/usr/bin/pg_backupcluster	postgresql-common
pg_basebackup	/bin/pg_basebackup	/usr/share/postgresql-common/pg_wrapper	unowned
pg_config	/bin/pg_config	/usr/bin/pg_config	postgresql-common
pg_conftool	/bin/pg_conftool	/usr/bin/pg_conftool	postgresql-common
pg_createcluster	/bin/pg_createcluster	/usr/bin/pg_createcluster	postgresql-common
pg_ctlcluster	/bin/pg_ctlcluster	/usr/bin/pg_ctlcluster	postgresql-common
pg_dropcluster	/bin/pg_dropcluster	/usr/bin/pg_dropcluster	postgresql-common
pg_dump	/bin/pg_dump	/usr/share/postgresql-common/pg_wrapper	unowned
pg_dumpall	/bin/pg_dumpall	/usr/share/postgresql-common/pg_wrapper	unowned
pg_isready	/bin/pg_isready	/usr/share/postgresql-common/pg_wrapper	unowned
pg_lsclusters	/bin/pg_lsclusters	/usr/bin/pg_lsclusters	postgresql-common
pg_receivewal	/bin/pg_receivewal	/usr/share/postgresql-common/pg_wrapper	unowned
pg_receivexlog	/bin/pg_receivexlog	/usr/share/postgresql-common/pg_wrapper	unowned
pg_recvlogical	/bin/pg_recvlogical	/usr/share/postgresql-common/pg_wrapper	unowned
pg_renamecluster	/bin/pg_renamecluster	/usr/bin/pg_renamecluster	postgresql-common
pg_restore	/bin/pg_restore	/usr/share/postgresql-common/pg_wrapper	unowned
pg_restorecluster	/bin/pg_restorecluster	/usr/bin/pg_restorecluster	postgresql-common
pg_upgradecluster	/bin/pg_upgradecluster	/usr/bin/pg_upgradecluster	postgresql-common
pg_virtualenv	/bin/pg_virtualenv	/usr/bin/pg_virtualenv	postgresql-common
pgbench	/bin/pgbench	/usr/share/postgresql-common/pg_wrapper	unowned
pgpdisk2john	/bin/pgpdisk2john	/usr/share/john/pgpdisk2john.py	unowned
pgpsda2john	/bin/pgpsda2john	/usr/share/john/pgpsda2john.py	unowned
pgpwde2john	/bin/pgpwde2john	/usr/share/john/pgpwde2john.py	unowned
pgrep	/bin/pgrep	/usr/bin/pgrep	procps
phar	/bin/phar	/usr/bin/phar8.4.phar	php8.4-cli
phar.phar	/bin/phar.phar	/usr/bin/phar8.4.phar	php8.4-cli
phar.phar8.4	/bin/phar.phar8.4	/usr/bin/phar8.4.phar	php8.4-cli
phar8.4	/bin/phar8.4	/usr/bin/phar8.4.phar	php8.4-cli
phar8.4.phar	/bin/phar8.4.phar	/usr/bin/phar8.4.phar	php8.4-cli
photorec	/bin/photorec	/usr/bin/photorec	testdisk
php	/bin/php	/usr/bin/php8.4	php8.4-cli
php8.4	/bin/php8.4	/usr/bin/php8.4	php8.4-cli
piconv	/bin/piconv	/usr/bin/piconv	perl
pidof	/bin/pidof	/usr/sbin/killall5	sysvinit-utils
pidwait	/bin/pidwait	/usr/bin/pidwait	procps
pinky	/bin/pinky	/usr/bin/pinky	coreutils
pip	/bin/pip	/usr/bin/pip	python3-pip
pip3	/bin/pip3	/usr/bin/pip3	python3-pip
pipal	/bin/pipal	/usr/bin/pipal	pipal
pipx	/bin/pipx	/usr/bin/pipx	pipx
pixiewps	/bin/pixiewps	/usr/bin/pixiewps	pixiewps
pkill	/bin/pkill	/usr/bin/pgrep	procps
pl2pm	/bin/pl2pm	/usr/bin/pl2pm	perl
pldd	/bin/pldd	/usr/bin/pldd	libc-bin
plocate	/bin/plocate	/usr/bin/plocate	plocate
pmap	/bin/pmap	/usr/bin/pmap	procps
pmspike	/bin/pmspike	/usr/bin/pmspike	spike
pod2html	/bin/pod2html	/usr/bin/pod2html	perl
pod2man	/bin/pod2man	/usr/bin/pod2man	perl
pod2text	/bin/pod2text	/usr/bin/pod2text	perl
pod2usage	/bin/pod2usage	/usr/bin/pod2usage	perl
podchecker	/bin/podchecker	/usr/bin/podchecker	perl
podselect	/bin/podselect	/usr/bin/podselect	libpod-parser-perl
poetry-dynamic-versioning	/bin/poetry-dynamic-versioning	/usr/bin/poetry-dynamic-versioning	python3-poetry-dynamic-versioning
polenum	/bin/polenum	/usr/bin/polenum	polenum
post_fuzz	/bin/post_fuzz	/usr/bin/post_fuzz	spike
post_spike	/bin/post_spike	/usr/bin/post_spike	spike
powershell-empire	/bin/powershell-empire	/usr/bin/powershell-empire	powershell-empire
powersploit	/bin/powersploit	/usr/bin/powersploit	powersploit
pr	/bin/pr	/usr/bin/pr	coreutils
printenv	/bin/printenv	/usr/bin/printenv	coreutils
printf	/bin/printf	/usr/bin/printf	coreutils
prlimit	/bin/prlimit	/usr/bin/prlimit	util-linux
procan	/bin/procan	/usr/bin/procan	socat
profiles	/bin/profiles	/usr/bin/profiles	samba
prosody2john	/bin/prosody2john	/usr/share/john/prosody2john.py	unowned
prove	/bin/prove	/usr/bin/prove	perl
proxychains	/bin/proxychains	/usr/bin/proxychains4	proxychains4
proxychains4	/bin/proxychains4	/usr/bin/proxychains4	proxychains4
proxychains4-daemon	/bin/proxychains4-daemon	/usr/bin/proxychains4-daemon	proxychains4
proxytunnel	/bin/proxytunnel	/usr/bin/proxytunnel	proxytunnel
prtstat	/bin/prtstat	/usr/bin/prtstat	psmisc
ps	/bin/ps	/usr/bin/ps	procps
ps_token2john	/bin/ps_token2john	/usr/share/john/ps_token2john.py	unowned
pse2john	/bin/pse2john	/usr/share/john/pse2john.py	unowned
psk-crack	/bin/psk-crack	/usr/bin/psk-crack	ike-scan
pslog	/bin/pslog	/usr/bin/pslog	psmisc
psql	/bin/psql	/usr/share/postgresql-common/pg_wrapper	unowned
pstat	/bin/pstat	/usr/bin/pstat	sleuthkit
pstree	/bin/pstree	/usr/bin/pstree	psmisc
pstree.x11	/bin/pstree.x11	/usr/bin/pstree	psmisc
ptar	/bin/ptar	/usr/bin/ptar	perl
ptardiff	/bin/ptardiff	/usr/bin/ptardiff	perl
ptargrep	/bin/ptargrep	/usr/bin/ptargrep	perl
pth-curl	/bin/pth-curl	/usr/bin/pth-curl	passing-the-hash
pth-net	/bin/pth-net	/usr/bin/pth-net	passing-the-hash
pth-rpcclient	/bin/pth-rpcclient	/usr/bin/pth-rpcclient	passing-the-hash
pth-smbclient	/bin/pth-smbclient	/usr/bin/pth-smbclient	passing-the-hash
pth-smbget	/bin/pth-smbget	/usr/bin/pth-smbget	passing-the-hash
pth-sqsh	/bin/pth-sqsh	/usr/bin/pth-sqsh	passing-the-hash
pth-winexe	/bin/pth-winexe	/usr/bin/pth-winexe	passing-the-hash
pth-wmic	/bin/pth-wmic	/usr/bin/pth-wmic	passing-the-hash
pth-wmis	/bin/pth-wmis	/usr/bin/pth-wmis	passing-the-hash
ptx	/bin/ptx	/usr/bin/ptx	coreutils
publicsuffixlist-download	/bin/publicsuffixlist-download	/usr/bin/publicsuffixlist-download	python3-publicsuffixlist
pw-inspector	/bin/pw-inspector	/usr/bin/pw-inspector	hydra
pwd	/bin/pwd	/usr/bin/pwd	coreutils
pwdx	/bin/pwdx	/usr/bin/pwdx	procps
pwnat	/bin/pwnat	/usr/bin/pwnat	pwnat
pwsafe2john	/bin/pwsafe2john	/usr/share/john/pwsafe2john.py	unowned
pwsh	/bin/pwsh	/opt/microsoft/powershell/7/pwsh	unowned
py.test	/bin/py.test	/usr/bin/py.test	python3-pytest
py.test-3	/bin/py.test-3	/usr/bin/py.test	python3-pytest
py3clean	/bin/py3clean	/usr/bin/py3clean	python3-minimal
py3compile	/bin/py3compile	/usr/bin/py3compile	python3-minimal
py3versions	/bin/py3versions	/usr/share/python3/py3versions.py	unowned
pydoc	/bin/pydoc	/usr/bin/pydoc3.14	python3.14
pydoc3	/bin/pydoc3	/usr/bin/pydoc3.14	python3.14
pydoc3.14	/bin/pydoc3.14	/usr/bin/pydoc3.14	python3.14
pygettext3	/bin/pygettext3	/usr/bin/pygettext3.14	python3.14
pygettext3.14	/bin/pygettext3.14	/usr/bin/pygettext3.14	python3.14
pygmentize	/bin/pygmentize	/usr/bin/pygmentize	python3-pygments
pygrun	/bin/pygrun	/usr/bin/pygrun	python3-antlr4
pyhtmlizer3	/bin/pyhtmlizer3	/usr/bin/pyhtmlizer3	python3-twisted
pyi-archive_viewer	/bin/pyi-archive_viewer	/usr/bin/pyi-archive_viewer	pyinstaller
pyi-bindepend	/bin/pyi-bindepend	/usr/bin/pyi-bindepend	pyinstaller
pyi-grab_version	/bin/pyi-grab_version	/usr/bin/pyi-grab_version	pyinstaller
pyi-makespec	/bin/pyi-makespec	/usr/bin/pyi-makespec	pyinstaller
pyi-set_version	/bin/pyi-set_version	/usr/bin/pyi-set_version	pyinstaller
pyinstaller	/bin/pyinstaller	/usr/bin/pyinstaller	pyinstaller
pylnk3	/bin/pylnk3	/usr/bin/pylnk3	python3-pylnk3
pyobfuscate	/bin/pyobfuscate	/usr/bin/pyobfuscate	python3-obfuscator
pypykatz	/bin/pypykatz	/usr/bin/pypykatz	python3-pypykatz
pyspnego-parse	/bin/pyspnego-parse	/usr/bin/pyspnego-parse	python3-pyspnego
pytest	/bin/pytest	/usr/bin/pytest	python3-pytest
pytest-3	/bin/pytest-3	/usr/bin/pytest	python3-pytest
python	/bin/python	/usr/bin/python3.14	python3.14-minimal
python-dotenv	/bin/python-dotenv	/usr/bin/python-dotenv	python3-dotenv
python3	/bin/python3	/usr/bin/python3.14	python3.14-minimal
python3-config	/bin/python3-config	/usr/bin/x86_64-linux-gnu-python3.14-config	libpython3.14-dev:amd64
python3-qr	/bin/python3-qr	/usr/bin/python3-qr	python3-qrcode
python3.14	/bin/python3.14	/usr/bin/python3.14	python3.14-minimal
python3.14-config	/bin/python3.14-config	/usr/bin/x86_64-linux-gnu-python3.14-config	libpython3.14-dev:amd64
pyvnc.py	/bin/pyvnc.py	/usr/bin/pyvnc.py	python3-pyvnc
pywerview	/bin/pywerview	/usr/bin/pywerview	python3-pywerview
qphotorec	/bin/qphotorec	/usr/bin/qphotorec	testdisk
qr	/bin/qr	/usr/bin/python3-qr	python3-qrcode
qsslcaudit	/bin/qsslcaudit	/usr/bin/qsslcaudit	qsslcaudit
quake	/bin/quake	/usr/bin/quake	spike
quakeserver	/bin/quakeserver	/usr/bin/quakeserver	spike
r2	/bin/r2	/usr/bin/radare2	radare2
r2agent	/bin/r2agent	/usr/bin/r2agent	radare2
r2pm	/bin/r2pm	/usr/bin/r2pm	radare2
r2r	/bin/r2r	/usr/bin/r2r	radare2
r2sdb	/bin/r2sdb	/usr/bin/r2sdb	radare2
rabin2	/bin/rabin2	/usr/bin/rabin2	radare2
racc	/bin/racc	/usr/bin/racc	racc
racc3.3	/bin/racc3.3	/usr/bin/racc3.3	ruby3.3
radare2	/bin/radare2	/usr/bin/radare2	radare2
radiff2	/bin/radiff2	/usr/bin/radiff2	radare2
radius2john	/bin/radius2john	/usr/share/john/radius2john.py	unowned
rafind2	/bin/rafind2	/usr/bin/rafind2	radare2
ragg2	/bin/ragg2	/usr/bin/ragg2	radare2
rahash2	/bin/rahash2	/usr/bin/rahash2	radare2
rake	/bin/rake	/usr/bin/rake	rake
rake3.3	/bin/rake3.3	/usr/bin/rake3.3	ruby3.3
randpkt	/bin/randpkt	/usr/bin/randpkt	wireshark-common
ranlib	/bin/ranlib	/usr/bin/x86_64-linux-gnu-ranlib	binutils-x86-64-linux-gnu
rapatch2	/bin/rapatch2	/usr/bin/rapatch2	radare2
rarun2	/bin/rarun2	/usr/bin/rarun2	radare2
rasign2	/bin/rasign2	/usr/bin/rasign2	radare2
rasm2	/bin/rasm2	/usr/bin/rasm2	radare2
ravc2	/bin/ravc2	/usr/bin/ravc2	radare2
rawshark	/bin/rawshark	/usr/bin/rawshark	wireshark-common
rax2	/bin/rax2	/usr/bin/rax2	radare2
rbash	/bin/rbash	/usr/bin/bash	bash
rbs3.3	/bin/rbs3.3	/usr/bin/rbs3.3	ruby3.3
rctest	/bin/rctest	/usr/bin/rctest	bluez
rdbg	/bin/rdbg	/usr/bin/rdbg3.3	ruby3.3
rdbg3.3	/bin/rdbg3.3	/usr/bin/rdbg3.3	ruby3.3
rdjpgcom	/bin/rdjpgcom	/usr/bin/rdjpgcom	libjpeg-turbo-progs
rdma	/bin/rdma	/usr/bin/rdma	iproute2
rdoc	/bin/rdoc	/usr/bin/rdoc3.3	ruby3.3
rdoc3.3	/bin/rdoc3.3	/usr/bin/rdoc3.3	ruby3.3
readelf	/bin/readelf	/usr/bin/x86_64-linux-gnu-readelf	binutils-x86-64-linux-gnu
readlink	/bin/readlink	/usr/bin/readlink	coreutils
realpath	/bin/realpath	/usr/bin/realpath	coreutils
reaver	/bin/reaver	/usr/bin/reaver	reaver
recon-cli	/bin/recon-cli	/usr/bin/recon-cli	recon-ng
recon-ng	/bin/recon-ng	/usr/bin/recon-ng	recon-ng
recon-web	/bin/recon-web	/usr/bin/recon-web	recon-ng
register-python-argcomplete	/bin/register-python-argcomplete	/usr/bin/register-python-argcomplete	python3-argcomplete
reindexdb	/bin/reindexdb	/usr/share/postgresql-common/pg_wrapper	unowned
renice	/bin/renice	/usr/bin/renice	bsdutils
reordercap	/bin/reordercap	/usr/bin/reordercap	wireshark-common
replace	/bin/replace	/usr/bin/replace	mariadb-client
replay	/bin/replay	/usr/bin/replay	nikto
reset	/bin/reset	/usr/bin/tset	ncurses-bin
resolve_stack_dump	/bin/resolve_stack_dump	/usr/bin/resolve_stack_dump	mariadb-client
resolveip	/bin/resolveip	/usr/bin/resolveip	mariadb-server-core
responder-BrowserListener	/bin/responder-BrowserListener	/usr/share/responder/script	unowned
responder-FindSQLSrv	/bin/responder-FindSQLSrv	/usr/share/responder/script	unowned
responder-Icmp-Redirect	/bin/responder-Icmp-Redirect	/usr/share/responder/script	unowned
responder-MultiRelay	/bin/responder-MultiRelay	/usr/share/responder/script	unowned
responder-RunFinger	/bin/responder-RunFinger	/usr/share/responder/script	unowned
restfulHarvest	/bin/restfulHarvest	/usr/bin/restfulHarvest	theharvester
restic2john	/bin/restic2john	/usr/share/john/restic2john.py	unowned
rfcomm	/bin/rfcomm	/usr/bin/rfcomm	bluez
rgrep	/bin/rgrep	/usr/bin/rgrep	grep
ri	/bin/ri	/usr/bin/ri3.3	ruby3.3
ri3.3	/bin/ri3.3	/usr/bin/ri3.3	ruby3.3
rlogin-cwd	/bin/rlogin-cwd	/usr/bin/expect_rlogin-cwd	expect
rm	/bin/rm	/usr/bin/rm	coreutils
rmdir	/bin/rmdir	/usr/bin/rmdir	coreutils
rmiregistry	/bin/rmiregistry	/usr/lib/jvm/java-25-openjdk-amd64/bin/rmiregistry	unowned
rotatelogs	/bin/rotatelogs	/usr/bin/rotatelogs	apache2-utils
routel	/bin/routel	/usr/bin/routel	iproute2
rpcclient	/bin/rpcclient	/usr/bin/rpcclient	smbclient
rpcinfo	/bin/rpcinfo	/usr/bin/rpcinfo	rpcbind
rq	/bin/rq	/usr/bin/rq	python3-rq
rqinfo	/bin/rqinfo	/usr/bin/rqinfo	python3-rq
rqworker	/bin/rqworker	/usr/bin/rqworker	python3-rq
rrsync	/bin/rrsync	/usr/bin/rrsync	rsync
rsmangler	/bin/rsmangler	/usr/bin/rsmangler	rsmangler
rsync	/bin/rsync	/usr/bin/rsync	rsync
rsync-ssl	/bin/rsync-ssl	/usr/bin/rsync-ssl	rsync
rtstat	/bin/rtstat	/usr/bin/lnstat	iproute2
ruby	/bin/ruby	/usr/bin/ruby3.3	ruby3.3
ruby3.3	/bin/ruby3.3	/usr/bin/ruby3.3	ruby3.3
run-parts	/bin/run-parts	/usr/bin/run-parts	debianutils
run0	/bin/run0	/usr/bin/systemd-run	systemd
runcon	/bin/runcon	/usr/bin/runcon	coreutils
runscript	/bin/runscript	/usr/bin/runscript	minicom
rview	/bin/rview	/usr/bin/vim.basic	vim
rvim	/bin/rvim	/usr/bin/vim.basic	vim
rwinrm	/bin/rwinrm	/usr/bin/rwinrm	ruby-winrm
rwinrmcp	/bin/rwinrmcp	/usr/bin/rwinrmcp	ruby-winrm-fs
rzsh	/bin/rzsh	/usr/bin/zsh	zsh
sakis3g	/bin/sakis3g	/usr/bin/sakis3g	sakis3g
samba-log-parser	/bin/samba-log-parser	/usr/bin/samba-log-parser	samba-common-bin
samba-regedit	/bin/samba-regedit	/usr/bin/samba-regedit	samba-common-bin
samdump2	/bin/samdump2	/usr/bin/samdump2	samdump2
sap2john	/bin/sap2john	/usr/share/john/sap2john.pl	unowned
sasquatch	/bin/sasquatch	/usr/bin/sasquatch	sasquatch
sasquatch-v4be	/bin/sasquatch-v4be	/usr/bin/sasquatch-v4be	sasquatch
savelog	/bin/savelog	/usr/bin/savelog	debianutils
sbd	/bin/sbd	/usr/bin/sbd	sbd
scalar	/bin/scalar	/usr/bin/scalar	git
scalpel	/bin/scalpel	/usr/bin/scalpel	scalpel
scapy	/bin/scapy	/usr/bin/scapy	python3-scapy
scapy3	/bin/scapy3	/usr/bin/scapy	python3-scapy
scp	/bin/scp	/usr/bin/scp	openssh-client
scp1	/bin/scp1	/usr/bin/scp1	openssh-client-ssh1
screen	/bin/screen	/usr/bin/screen	screen
script	/bin/script	/usr/bin/script	bsdutils
scriptlive	/bin/scriptlive	/usr/bin/scriptlive	bsdutils
scriptreplay	/bin/scriptreplay	/usr/bin/scriptreplay	bsdutils
sdiff	/bin/sdiff	/usr/bin/sdiff	diffutils
sdptool	/bin/sdptool	/usr/bin/sdptool	bluez
se-toolkit	/bin/se-toolkit	/usr/bin/se-toolkit	set
searchsploit	/bin/searchsploit	/usr/bin/searchsploit	exploitdb
sed	/bin/sed	/usr/bin/sed	sed
select-default-iwrap	/bin/select-default-iwrap	/usr/bin/select-default-iwrap	dictionaries-common
select-editor	/bin/select-editor	/usr/bin/select-editor	sensible-utils
sendEmail	/bin/sendEmail	/usr/bin/sendEmail	sendemail
sendemail	/bin/sendemail	/usr/bin/sendEmail	sendemail
sendmsrpc	/bin/sendmsrpc	/usr/bin/sendmsrpc	spike
sense2john	/bin/sense2john	/usr/share/john/sense2john.py	unowned
sensible-browser	/bin/sensible-browser	/usr/bin/sensible-browser	sensible-utils
sensible-editor	/bin/sensible-editor	/usr/bin/sensible-editor	sensible-utils
sensible-pager	/bin/sensible-pager	/usr/bin/sensible-pager	sensible-utils
sensible-terminal	/bin/sensible-terminal	/usr/bin/sensible-terminal	sensible-utils
seq	/bin/seq	/usr/bin/seq	coreutils
setarch	/bin/setarch	/usr/bin/setarch	util-linux
setcifsacl	/bin/setcifsacl	/usr/bin/setcifsacl	cifs-utils
setoolkit	/bin/setoolkit	/usr/bin/setoolkit	set
setpriv	/bin/setpriv	/usr/bin/setpriv	util-linux
setsid	/bin/setsid	/usr/bin/setsid	util-linux
setterm	/bin/setterm	/usr/bin/setterm	util-linux
sftp	/bin/sftp	/usr/bin/sftp	openssh-client
sh	/bin/sh	/usr/bin/dash	dash
sha1deep	/bin/sha1deep	/usr/bin/sha1deep	hashdeep
sha1sum	/bin/sha1sum	/usr/bin/sha1sum	coreutils
sha224sum	/bin/sha224sum	/usr/bin/sha224sum	coreutils
sha256deep	/bin/sha256deep	/usr/bin/sha256deep	hashdeep
sha256sum	/bin/sha256sum	/usr/bin/sha256sum	coreutils
sha384sum	/bin/sha384sum	/usr/bin/sha384sum	coreutils
sha512sum	/bin/sha512sum	/usr/bin/sha512sum	coreutils
sharesec	/bin/sharesec	/usr/bin/sharesec	samba
sharkd	/bin/sharkd	/usr/bin/sharkd	wireshark-common
shasum	/bin/shasum	/usr/bin/shasum	perl
shodan	/bin/shodan	/usr/bin/shodan	python3-shodan
shred	/bin/shred	/usr/bin/shred	coreutils
shuf	/bin/shuf	/usr/bin/shuf	coreutils
sigfind	/bin/sigfind	/usr/bin/sigfind	sleuthkit
signal2john	/bin/signal2john	/usr/share/john/signal2john.py	unowned
sipdump2john	/bin/sipdump2john	/usr/share/john/sipdump2john.py	unowned
size	/bin/size	/usr/bin/x86_64-linux-gnu-size	binutils-x86-64-linux-gnu
skill	/bin/skill	/usr/bin/skill	procps
skipfish	/bin/skipfish	/usr/bin/skipfish	skipfish
slabtop	/bin/slabtop	/usr/bin/slabtop	procps
sleep	/bin/sleep	/usr/bin/sleep	coreutils
smb2-quota	/bin/smb2-quota	/usr/bin/smb2-quota	cifs-utils
smbcacls	/bin/smbcacls	/usr/bin/smbcacls	smbclient
smbclient	/bin/smbclient	/usr/bin/smbclient	smbclient
smbcontrol	/bin/smbcontrol	/usr/bin/smbcontrol	samba-common-bin
smbcquotas	/bin/smbcquotas	/usr/bin/smbcquotas	smbclient
smbget	/bin/smbget	/usr/bin/smbget	smbclient
smbinfo	/bin/smbinfo	/usr/bin/smbinfo	cifs-utils
smbmap	/bin/smbmap	/usr/bin/smbmap	smbmap
smbpasswd	/bin/smbpasswd	/usr/bin/smbpasswd	samba-common-bin
smbspool	/bin/smbspool	/usr/bin/smbspool	smbclient
smbstatus	/bin/smbstatus	/usr/bin/smbstatus	samba
smbtar	/bin/smbtar	/usr/bin/smbtar	smbclient
smbtree	/bin/smbtree	/usr/bin/smbtree	smbclient
snice	/bin/snice	/usr/bin/skill	procps
snmp-bridge-mib	/bin/snmp-bridge-mib	/usr/bin/snmp-bridge-mib	snmp
snmp-check	/bin/snmp-check	/usr/bin/snmp-check	snmpcheck
snmpbulkget	/bin/snmpbulkget	/usr/bin/snmpbulkget	snmp
snmpbulkwalk	/bin/snmpbulkwalk	/usr/bin/snmpbulkwalk	snmp
snmpcheck	/bin/snmpcheck	/usr/bin/snmpcheck	snmp
snmpconf	/bin/snmpconf	/usr/bin/snmpconf	snmp
snmpdelta	/bin/snmpdelta	/usr/bin/snmpdelta	snmp
snmpdf	/bin/snmpdf	/usr/bin/snmpdf	snmp
snmpget	/bin/snmpget	/usr/bin/snmpget	snmp
snmpgetnext	/bin/snmpgetnext	/usr/bin/snmpgetnext	snmp
snmpinform	/bin/snmpinform	/usr/bin/snmptrap	snmp
snmpkey	/bin/snmpkey	/usr/bin/snmpkey	libnet-snmp-perl
snmpnetstat	/bin/snmpnetstat	/usr/bin/snmpnetstat	snmp
snmpping	/bin/snmpping	/usr/bin/snmpping	snmp
snmpps	/bin/snmpps	/usr/bin/snmpps	snmp
snmpset	/bin/snmpset	/usr/bin/snmpset	snmp
snmpstatus	/bin/snmpstatus	/usr/bin/snmpstatus	snmp
snmptable	/bin/snmptable	/usr/bin/snmptable	snmp
snmptest	/bin/snmptest	/usr/bin/snmptest	snmp
snmptls	/bin/snmptls	/usr/bin/snmptls	snmp
snmptranslate	/bin/snmptranslate	/usr/bin/snmptranslate	snmp
snmptrap	/bin/snmptrap	/usr/bin/snmptrap	snmp
snmpusm	/bin/snmpusm	/usr/bin/snmpusm	snmp
snmpvacm	/bin/snmpvacm	/usr/bin/snmpvacm	snmp
snmpwalk	/bin/snmpwalk	/usr/bin/snmpwalk	snmp
socat	/bin/socat	/usr/bin/socat1	socat
socat-broker.sh	/bin/socat-broker.sh	/usr/bin/socat-broker.sh	socat
socat-chain.sh	/bin/socat-chain.sh	/usr/bin/socat-chain.sh	socat
socat-mux.sh	/bin/socat-mux.sh	/usr/bin/socat-mux.sh	socat
socat1	/bin/socat1	/usr/bin/socat1	socat
sort	/bin/sort	/usr/bin/sort	coreutils
sorter	/bin/sorter	/usr/bin/sorter	sleuthkit
sp32	/bin/sp32	/usr/bin/sp64	statsprocessor
sp64	/bin/sp64	/usr/bin/sp64	statsprocessor
spiderfoot	/bin/spiderfoot	/usr/bin/spiderfoot	spiderfoot
spiderfoot-cli	/bin/spiderfoot-cli	/usr/bin/spiderfoot-cli	spiderfoot
splain	/bin/splain	/usr/bin/splain	perl
split	/bin/split	/usr/bin/split	coreutils
spooftooph	/bin/spooftooph	/usr/bin/spooftooph	spooftooph
sqlite3	/bin/sqlite3	/usr/bin/sqlite3	sqlite3
sqlmap	/bin/sqlmap	/usr/share/sqlmap/sqlmap.py	unowned
sqlmapapi	/bin/sqlmapapi	/usr/share/sqlmap/sqlmapapi.py	unowned
sqsh	/bin/sqsh	/usr/bin/sqsh	sqsh
sqv	/bin/sqv	/usr/bin/sqv	sqv
srch_strings	/bin/srch_strings	/usr/bin/srch_strings	sleuthkit
ss	/bin/ss	/usr/bin/ss	iproute2
ss_spike	/bin/ss_spike	/usr/bin/ss_spike	spike
ssh	/bin/ssh	/usr/bin/ssh	openssh-client
ssh-add	/bin/ssh-add	/usr/bin/ssh-add	openssh-client
ssh-agent	/bin/ssh-agent	/usr/bin/ssh-agent	openssh-client
ssh-argv0	/bin/ssh-argv0	/usr/bin/ssh-argv0	openssh-client
ssh-copy-id	/bin/ssh-copy-id	/usr/bin/ssh-copy-id	openssh-client
ssh-keygen	/bin/ssh-keygen	/usr/bin/ssh-keygen	openssh-common
ssh-keygen1	/bin/ssh-keygen1	/usr/bin/ssh-keygen1	openssh-client-ssh1
ssh-keyscan	/bin/ssh-keyscan	/usr/bin/ssh-keyscan	openssh-client
ssh1	/bin/ssh1	/usr/bin/ssh1	openssh-client-ssh1
ssh2john	/bin/ssh2john	/usr/share/john/ssh2john.py	unowned
sshmitm	/bin/sshmitm	/usr/bin/sshmitm	dsniff
sshow	/bin/sshow	/usr/bin/sshow	dsniff
ssldump	/bin/ssldump	/usr/bin/ssldump	ssldump
sslscan	/bin/sslscan	/usr/bin/sslscan	sslscan
sslsplit	/bin/sslsplit	/usr/bin/sslsplit	sslsplit
sslyze	/bin/sslyze	/usr/bin/sslyze	sslyze
sspr2john	/bin/sspr2john	/usr/share/john/sspr2john.py	unowned
starkiller	/bin/starkiller	/usr/bin/starkiller	powershell-empire
starkiller-start	/bin/starkiller-start	/usr/bin/starkiller-start	powershell-empire
starkiller-stop	/bin/starkiller-stop	/usr/bin/starkiller-stop	powershell-empire
staroffice2john	/bin/staroffice2john	/usr/share/john/staroffice2john.py	unowned
stat	/bin/stat	/usr/bin/stat	coreutils
statd_spike	/bin/statd_spike	/usr/bin/statd_spike	spike
stdbuf	/bin/stdbuf	/usr/bin/stdbuf	coreutils
stone-py	/bin/stone-py	/usr/bin/stone-py	python3-stone
streamzip	/bin/streamzip	/usr/bin/streamzip	perl
strings	/bin/strings	/usr/bin/x86_64-linux-gnu-strings	binutils-x86-64-linux-gnu
strip	/bin/strip	/usr/bin/x86_64-linux-gnu-strip	binutils-x86-64-linux-gnu
strip2john	/bin/strip2john	/usr/share/john/strip2john.py	unowned
stty	/bin/stty	/usr/bin/stty	coreutils
stunnel	/bin/stunnel	/usr/bin/stunnel	stunnel
stunnel3	/bin/stunnel3	/usr/bin/stunnel3	stunnel
stunnel4	/bin/stunnel4	/usr/bin/stunnel	stunnel
su	/bin/su	/usr/bin/su	util-linux
sudo	/bin/sudo	/usr/bin/sudo	sudo
sudoedit	/bin/sudoedit	/usr/bin/sudo	sudo
sudoreplay	/bin/sudoreplay	/usr/bin/sudoreplay	sudo
sum	/bin/sum	/usr/bin/sum	coreutils
sunrpcfuzz	/bin/sunrpcfuzz	/usr/bin/sunrpcfuzz	spike
swaks	/bin/swaks	/usr/bin/swaks	swaks
sync	/bin/sync	/usr/bin/sync	coreutils
syntax_suggest3.3	/bin/syntax_suggest3.3	/usr/bin/syntax_suggest3.3	ruby3.3
systemctl	/bin/systemctl	/usr/bin/systemctl	systemd
systemd-ac-power	/bin/systemd-ac-power	/usr/bin/systemd-ac-power	systemd
systemd-analyze	/bin/systemd-analyze	/usr/bin/systemd-analyze	systemd
systemd-ask-password	/bin/systemd-ask-password	/usr/bin/systemd-ask-password	systemd
systemd-cat	/bin/systemd-cat	/usr/bin/systemd-cat	systemd
systemd-cgls	/bin/systemd-cgls	/usr/bin/systemd-cgls	systemd
systemd-cgtop	/bin/systemd-cgtop	/usr/bin/systemd-cgtop	systemd
systemd-confext	/bin/systemd-confext	/usr/bin/systemd-sysext	systemd
systemd-creds	/bin/systemd-creds	/usr/bin/systemd-creds	systemd
systemd-delta	/bin/systemd-delta	/usr/bin/systemd-delta	systemd
systemd-detect-virt	/bin/systemd-detect-virt	/usr/bin/systemd-detect-virt	systemd
systemd-escape	/bin/systemd-escape	/usr/bin/systemd-escape	systemd
systemd-firstboot	/bin/systemd-firstboot	/usr/bin/systemd-firstboot	systemd
systemd-hwdb	/bin/systemd-hwdb	/usr/bin/systemd-hwdb	udev
systemd-id128	/bin/systemd-id128	/usr/bin/systemd-id128	systemd
systemd-inhibit	/bin/systemd-inhibit	/usr/bin/systemd-inhibit	systemd
systemd-machine-id-setup	/bin/systemd-machine-id-setup	/usr/bin/systemd-machine-id-setup	systemd
systemd-mount	/bin/systemd-mount	/usr/bin/systemd-mount	systemd
systemd-mute-console	/bin/systemd-mute-console	/usr/bin/systemd-mute-console	systemd
systemd-notify	/bin/systemd-notify	/usr/bin/systemd-notify	systemd
systemd-path	/bin/systemd-path	/usr/bin/systemd-path	systemd
systemd-pty-forward	/bin/systemd-pty-forward	/usr/bin/systemd-pty-forward	systemd
systemd-run	/bin/systemd-run	/usr/bin/systemd-run	systemd
systemd-socket-activate	/bin/systemd-socket-activate	/usr/bin/systemd-socket-activate	systemd
systemd-stdio-bridge	/bin/systemd-stdio-bridge	/usr/bin/systemd-stdio-bridge	systemd
systemd-sysext	/bin/systemd-sysext	/usr/bin/systemd-sysext	systemd
systemd-sysinstall	/bin/systemd-sysinstall	/usr/bin/systemd-sysinstall	systemd
systemd-sysusers	/bin/systemd-sysusers	/usr/bin/systemd-sysusers	systemd
systemd-tmpfiles	/bin/systemd-tmpfiles	/usr/bin/systemd-tmpfiles	systemd
systemd-tty-ask-password-agent	/bin/systemd-tty-ask-password-agent	/usr/bin/systemd-tty-ask-password-agent	systemd
systemd-umount	/bin/systemd-umount	/usr/bin/systemd-mount	systemd
systemd-vpick	/bin/systemd-vpick	/usr/bin/systemd-vpick	systemd
tabs	/bin/tabs	/usr/bin/tabs	ncurses-bin
tabulate	/bin/tabulate	/usr/bin/tabulate	python3-tabulate
tac	/bin/tac	/usr/bin/tac	coreutils
tail	/bin/tail	/usr/bin/tail	coreutils
tar	/bin/tar	/usr/bin/tar	tar
tasksel	/bin/tasksel	/usr/bin/tasksel	tasksel
taskset	/bin/taskset	/usr/bin/taskset	util-linux
tclsh8.6	/bin/tclsh8.6	/usr/bin/tclsh8.6	tcl8.6
tclsh9.0	/bin/tclsh9.0	/usr/bin/tclsh9.0	tcl9.0
tcpbridge	/bin/tcpbridge	/usr/bin/tcpbridge	tcpreplay
tcpcapinfo	/bin/tcpcapinfo	/usr/bin/tcpcapinfo	tcpreplay
tcpdump	/bin/tcpdump	/usr/bin/tcpdump	tcpdump
tcpkill	/bin/tcpkill	/usr/bin/tcpkill	dsniff
tcpliveplay	/bin/tcpliveplay	/usr/bin/tcpliveplay	tcpreplay
tcpnice	/bin/tcpnice	/usr/bin/tcpnice	dsniff
tcpprep	/bin/tcpprep	/usr/bin/tcpprep	tcpreplay
tcpreplay	/bin/tcpreplay	/usr/bin/tcpreplay	tcpreplay
tcpreplay-edit	/bin/tcpreplay-edit	/usr/bin/tcpreplay-edit	tcpreplay
tcprewrite	/bin/tcprewrite	/usr/bin/tcprewrite	tcpreplay
tee	/bin/tee	/usr/bin/tee	coreutils
telegram2john	/bin/telegram2john	/usr/share/john/telegram2john.py	unowned
telnet	/bin/telnet	/usr/bin/inetutils-telnet	inetutils-telnet
tempfile	/bin/tempfile	/usr/bin/tempfile	debianutils
teredo-mire	/bin/teredo-mire	/usr/bin/teredo-mire	miredo
test	/bin/test	/usr/bin/test	coreutils
testdisk	/bin/testdisk	/usr/bin/testdisk	testdisk
testparm	/bin/testparm	/usr/bin/testparm	samba-common-bin
text2pcap	/bin/text2pcap	/usr/bin/text2pcap	wireshark-common
tezos2john	/bin/tezos2john	/usr/share/john/tezos2john.py	unowned
tftp	/bin/tftp	/usr/bin/tftp	tftp-hpa
thc-pptp-bruter	/bin/thc-pptp-bruter	/usr/bin/thc-pptp-bruter	thc-pptp-bruter
theHarvester	/bin/theHarvester	/usr/bin/theHarvester	theharvester
theharvester	/bin/theharvester	/usr/bin/theharvester	theharvester
tic	/bin/tic	/usr/bin/tic	ncurses-bin
tigerdeep	/bin/tigerdeep	/usr/bin/tigerdeep	hashdeep
timed-read	/bin/timed-read	/usr/bin/expect_timed-read	expect
timed-run	/bin/timed-run	/usr/bin/expect_timed-run	expect
timedatectl	/bin/timedatectl	/usr/bin/timedatectl	systemd
timeout	/bin/timeout	/usr/bin/timeout	coreutils
tjbench	/bin/tjbench	/usr/bin/tjbench	libjpeg-turbo-progs
tkconch3	/bin/tkconch3	/usr/bin/tkconch3	python3-twisted
tknewsbiff	/bin/tknewsbiff	/usr/bin/expect_tknewsbiff	expect
tkpasswd	/bin/tkpasswd	/usr/bin/expect_tkpasswd	expect
tload	/bin/tload	/usr/bin/tload	procps
tmux	/bin/tmux	/usr/bin/tmux	tmux
tnftp	/bin/tnftp	/usr/bin/tnftp	tnftp
toe	/bin/toe	/usr/bin/toe	ncurses-bin
top	/bin/top	/usr/bin/top	procps
touch	/bin/touch	/usr/bin/touch	coreutils
tpm-nvsize	/bin/tpm-nvsize	/usr/bin/tpm-nvsize	vboot-utils
tpmc	/bin/tpmc	/usr/bin/tpmc	vboot-utils
tput	/bin/tput	/usr/bin/tput	ncurses-bin
tqdm	/bin/tqdm	/usr/bin/tqdm	python3-tqdm
tr	/bin/tr	/usr/bin/tr	coreutils
traceproto	/bin/traceproto	/usr/bin/traceproto.db	traceroute
traceproto.db	/bin/traceproto.db	/usr/bin/traceproto.db	traceroute
traceroute	/bin/traceroute	/usr/bin/traceroute.db	traceroute
traceroute-nanog	/bin/traceroute-nanog	/usr/bin/traceroute-nanog	traceroute
traceroute.db	/bin/traceroute.db	/usr/bin/traceroute.db	traceroute
traceroute6	/bin/traceroute6	/usr/bin/traceroute.db	traceroute
traceroute6.db	/bin/traceroute6.db	/usr/bin/traceroute.db	traceroute
tree	/bin/tree	/usr/bin/tree	tree
trial3	/bin/trial3	/usr/bin/trial3	python3-twisted
true	/bin/true	/usr/bin/true	coreutils
truecrypt2john	/bin/truecrypt2john	/usr/share/john/truecrypt2john.py	unowned
truncate	/bin/truncate	/usr/bin/truncate	coreutils
tset	/bin/tset	/usr/bin/tset	ncurses-bin
tshark	/bin/tshark	/usr/bin/tshark	tshark
tsk_comparedir	/bin/tsk_comparedir	/usr/bin/tsk_comparedir	sleuthkit
tsk_gettimes	/bin/tsk_gettimes	/usr/bin/tsk_gettimes	sleuthkit
tsk_imageinfo	/bin/tsk_imageinfo	/usr/bin/tsk_imageinfo	sleuthkit
tsk_loaddb	/bin/tsk_loaddb	/usr/bin/tsk_loaddb	sleuthkit
tsk_recover	/bin/tsk_recover	/usr/bin/tsk_recover	sleuthkit
tsort	/bin/tsort	/usr/bin/tsort	coreutils
tty	/bin/tty	/usr/bin/tty	coreutils
twist3	/bin/twist3	/usr/bin/twist3	python3-twisted
twistd3	/bin/twistd3	/usr/bin/twistd3	python3-twisted
typeprof3.3	/bin/typeprof3.3	/usr/bin/typeprof3.3	ruby3.3
tzselect	/bin/tzselect	/usr/bin/tzselect	libc-bin
ucf	/bin/ucf	/usr/bin/ucf	ucf
ucfq	/bin/ucfq	/usr/bin/ucfq	ucf
ucfr	/bin/ucfr	/usr/bin/ucfr	ucf
uclampset	/bin/uclampset	/usr/bin/uclampset	util-linux
udevadm	/bin/udevadm	/usr/bin/udevadm	udev
udptunnel	/bin/udptunnel	/usr/bin/udptunnel	udptunnel
umount	/bin/umount	/usr/bin/umount	mount
uname	/bin/uname	/usr/bin/uname	coreutils
unbuffer	/bin/unbuffer	/usr/bin/expect_unbuffer	expect
uncompress	/bin/uncompress	/usr/bin/gunzip	gzip
unexpand	/bin/unexpand	/usr/bin/unexpand	coreutils
unicorn-magic	/bin/unicorn-magic	/usr/bin/unicorn-magic	unicorn-magic
uniq	/bin/uniq	/usr/bin/uniq	coreutils
unix-privesc-check	/bin/unix-privesc-check	/usr/bin/unix-privesc-check	unix-privesc-check
unix2dos	/bin/unix2dos	/usr/bin/unix2dos	dos2unix
unix2mac	/bin/unix2mac	/usr/bin/unix2dos	dos2unix
unlink	/bin/unlink	/usr/bin/unlink	coreutils
unmkinitramfs	/bin/unmkinitramfs	/usr/bin/unmkinitramfs	initramfs-tools-bin
unrar	/bin/unrar	/usr/bin/unrar-nonfree	unrar
unrar-nonfree	/bin/unrar-nonfree	/usr/bin/unrar-nonfree	unrar
unshare	/bin/unshare	/usr/bin/unshare	util-linux
unzip	/bin/unzip	/usr/bin/unzip	unzip
unzipsfx	/bin/unzipsfx	/usr/bin/unzipsfx	unzip
update-alternatives	/bin/update-alternatives	/usr/bin/update-alternatives	dpkg
update-mime-database	/bin/update-mime-database	/usr/bin/update-mime-database	shared-mime-info
update-perl-sax-parsers	/bin/update-perl-sax-parsers	/usr/bin/update-perl-sax-parsers	libxml-sax-perl
update_rubygems	/bin/update_rubygems	/usr/bin/update_rubygems	ruby-rubygems
updatedb	/bin/updatedb	/usr/sbin/updatedb.plocate	plocate
uptime	/bin/uptime	/usr/bin/uptime	procps
upx	/bin/upx	/usr/bin/upx-ucl	upx-ucl
upx-ucl	/bin/upx-ucl	/usr/bin/upx-ucl	upx-ucl
urlsnarf	/bin/urlsnarf	/usr/bin/urlsnarf	dsniff
usb-devices	/bin/usb-devices	/usr/bin/usb-devices	usbutils
usbhid-dump	/bin/usbhid-dump	/usr/bin/usbhid-dump	usbutils
usbreset	/bin/usbreset	/usr/bin/usbreset	usbutils
users	/bin/users	/usr/bin/users	coreutils
usnjls	/bin/usnjls	/usr/bin/usnjls	sleuthkit
vacuumdb	/bin/vacuumdb	/usr/share/postgresql-common/pg_wrapper	unowned
vacuumlo	/bin/vacuumlo	/usr/share/postgresql-common/pg_wrapper	unowned
validate-patterns	/bin/validate-patterns	/usr/bin/validate-patterns	python3-stix2-patterns
varlinkctl	/bin/varlinkctl	/usr/bin/varlinkctl	systemd
vbutil_firmware	/bin/vbutil_firmware	/usr/bin/futility	vboot-kernel-utils
vbutil_kernel	/bin/vbutil_kernel	/usr/bin/futility	vboot-kernel-utils
vbutil_key	/bin/vbutil_key	/usr/bin/futility	vboot-kernel-utils
vbutil_keyblock	/bin/vbutil_keyblock	/usr/bin/futility	vboot-kernel-utils
vdi2john	/bin/vdi2john	/usr/share/john/vdi2john.pl	unowned
vdir	/bin/vdir	/usr/bin/vdir	coreutils
vi	/bin/vi	/usr/bin/vim.basic	vim
view	/bin/view	/usr/bin/vim.basic	vim
viewres	/bin/viewres	/usr/bin/viewres	x11-utils
vim	/bin/vim	/usr/bin/vim.basic	vim
vim.basic	/bin/vim.basic	/usr/bin/vim.basic	vim
vimdiff	/bin/vimdiff	/usr/bin/vim.basic	vim
vimtutor	/bin/vimtutor	/usr/bin/vimtutor	vim-runtime
virtualenv	/bin/virtualenv	/usr/bin/virtualenv	python3-virtualenv
vmstat	/bin/vmstat	/usr/bin/vmstat	procps
vmx2john	/bin/vmx2john	/usr/share/john/vmx2john.py	unowned
voiphopper	/bin/voiphopper	/usr/bin/voiphopper	voiphopper
w	/bin/w	/usr/bin/w	procps
wafw00f	/bin/wafw00f	/usr/bin/wafw00f	wafw00f
wall	/bin/wall	/usr/bin/wall	bsdutils
wash	/bin/wash	/usr/bin/reaver	reaver
watch	/bin/watch	/usr/bin/watch	procps
wc	/bin/wc	/usr/bin/wc	coreutils
wce	/bin/wce	/usr/bin/wce	wce
wcurl	/bin/wcurl	/usr/bin/wcurl	curl
weasyprint	/bin/weasyprint	/usr/bin/weasyprint	weasyprint
webfuzz	/bin/webfuzz	/usr/bin/webfuzz	spike
webmitm	/bin/webmitm	/usr/bin/webmitm	dsniff
webshells	/bin/webshells	/usr/bin/webshells	webshells
websockets	/bin/websockets	/usr/bin/websockets	python3-websockets
websockify	/bin/websockify	/usr/bin/websockify	python3-websockify
webspy	/bin/webspy	/usr/bin/webspy	dsniff
weevely	/bin/weevely	/usr/share/weevely/weevely.py	unowned
wfuzz	/bin/wfuzz	/usr/bin/wfuzz	wfuzz
wget	/bin/wget	/usr/bin/wget	wget
whatweb	/bin/whatweb	/usr/bin/whatweb	whatweb
whereis	/bin/whereis	/usr/bin/whereis	util-linux
which	/bin/which	/usr/bin/which.debianutils	debianutils
which.debianutils	/bin/which.debianutils	/usr/bin/which.debianutils	debianutils
whirlpooldeep	/bin/whirlpooldeep	/usr/bin/whirlpooldeep	hashdeep
who	/bin/who	/usr/bin/who	coreutils
whoami	/bin/whoami	/usr/bin/whoami	coreutils
whois	/bin/whois	/usr/bin/whois	whois
windows-binaries	/bin/windows-binaries	/usr/bin/windows-binaries	windows-binaries
windows-resources	/bin/windows-resources	/usr/bin/windows-resources	windows-binaries
winexe	/bin/winexe	/usr/bin/winexe	samba-common-bin
winpeas	/bin/winpeas	/usr/bin/winpeas	peass
wireshark	/bin/wireshark	/usr/bin/wireshark	wireshark
wordlists	/bin/wordlists	/usr/bin/wordlists	wordlists
wpaclean	/bin/wpaclean	/usr/bin/wpaclean	aircrack-ng
wpscan	/bin/wpscan	/usr/bin/wpscan	wpscan
wrjpgcom	/bin/wrjpgcom	/usr/bin/wrjpgcom	libjpeg-turbo-progs
wsdump	/bin/wsdump	/usr/bin/wsdump	python3-websocket
wsrep_sst_backup	/bin/wsrep_sst_backup	/usr/bin/wsrep_sst_backup	mariadb-server
wsrep_sst_common	/bin/wsrep_sst_common	/usr/bin/wsrep_sst_common	mariadb-server
wsrep_sst_mariabackup	/bin/wsrep_sst_mariabackup	/usr/bin/wsrep_sst_mariabackup	mariadb-server
wsrep_sst_mysqldump	/bin/wsrep_sst_mysqldump	/usr/bin/wsrep_sst_mysqldump	mariadb-server
wsrep_sst_rsync	/bin/wsrep_sst_rsync	/usr/bin/wsrep_sst_rsync	mariadb-server
wsrep_sst_rsync_wan	/bin/wsrep_sst_rsync_wan	/usr/bin/wsrep_sst_rsync	mariadb-server
x-www-browser	/bin/x-www-browser	/usr/bin/chromium	chromium
x11_spike	/bin/x11_spike	/usr/bin/x11_spike	spike
x86_64	/bin/x86_64	/usr/bin/setarch	util-linux
x86_64-linux-gnu-addr2line	/bin/x86_64-linux-gnu-addr2line	/usr/bin/x86_64-linux-gnu-addr2line	binutils-x86-64-linux-gnu
x86_64-linux-gnu-ar	/bin/x86_64-linux-gnu-ar	/usr/bin/x86_64-linux-gnu-ar	binutils-x86-64-linux-gnu
x86_64-linux-gnu-as	/bin/x86_64-linux-gnu-as	/usr/bin/x86_64-linux-gnu-as	binutils-x86-64-linux-gnu
x86_64-linux-gnu-c++filt	/bin/x86_64-linux-gnu-c++filt	/usr/bin/x86_64-linux-gnu-c++filt	binutils-x86-64-linux-gnu
x86_64-linux-gnu-elfedit	/bin/x86_64-linux-gnu-elfedit	/usr/bin/x86_64-linux-gnu-elfedit	binutils-x86-64-linux-gnu
x86_64-linux-gnu-gprof	/bin/x86_64-linux-gnu-gprof	/usr/bin/x86_64-linux-gnu-gprof	binutils-x86-64-linux-gnu
x86_64-linux-gnu-ld	/bin/x86_64-linux-gnu-ld	/usr/bin/x86_64-linux-gnu-ld.bfd	binutils-x86-64-linux-gnu
x86_64-linux-gnu-ld.bfd	/bin/x86_64-linux-gnu-ld.bfd	/usr/bin/x86_64-linux-gnu-ld.bfd	binutils-x86-64-linux-gnu
x86_64-linux-gnu-nm	/bin/x86_64-linux-gnu-nm	/usr/bin/x86_64-linux-gnu-nm	binutils-x86-64-linux-gnu
x86_64-linux-gnu-objcopy	/bin/x86_64-linux-gnu-objcopy	/usr/bin/x86_64-linux-gnu-objcopy	binutils-x86-64-linux-gnu
x86_64-linux-gnu-objdump	/bin/x86_64-linux-gnu-objdump	/usr/bin/x86_64-linux-gnu-objdump	binutils-x86-64-linux-gnu
x86_64-linux-gnu-python3-config	/bin/x86_64-linux-gnu-python3-config	/usr/bin/x86_64-linux-gnu-python3.14-config	libpython3.14-dev:amd64
x86_64-linux-gnu-python3.14-config	/bin/x86_64-linux-gnu-python3.14-config	/usr/bin/x86_64-linux-gnu-python3.14-config	libpython3.14-dev:amd64
x86_64-linux-gnu-ranlib	/bin/x86_64-linux-gnu-ranlib	/usr/bin/x86_64-linux-gnu-ranlib	binutils-x86-64-linux-gnu
x86_64-linux-gnu-readelf	/bin/x86_64-linux-gnu-readelf	/usr/bin/x86_64-linux-gnu-readelf	binutils-x86-64-linux-gnu
x86_64-linux-gnu-size	/bin/x86_64-linux-gnu-size	/usr/bin/x86_64-linux-gnu-size	binutils-x86-64-linux-gnu
x86_64-linux-gnu-strings	/bin/x86_64-linux-gnu-strings	/usr/bin/x86_64-linux-gnu-strings	binutils-x86-64-linux-gnu
x86_64-linux-gnu-strip	/bin/x86_64-linux-gnu-strip	/usr/bin/x86_64-linux-gnu-strip	binutils-x86-64-linux-gnu
x86_64-w64-mingw32-addr2line	/bin/x86_64-w64-mingw32-addr2line	/usr/bin/x86_64-w64-mingw32-addr2line	binutils-mingw-w64-x86-64
x86_64-w64-mingw32-ar	/bin/x86_64-w64-mingw32-ar	/usr/bin/x86_64-w64-mingw32-ar	binutils-mingw-w64-x86-64
x86_64-w64-mingw32-as	/bin/x86_64-w64-mingw32-as	/usr/bin/x86_64-w64-mingw32-as	binutils-mingw-w64-x86-64
x86_64-w64-mingw32-c++filt	/bin/x86_64-w64-mingw32-c++filt	/usr/bin/x86_64-w64-mingw32-c++filt	binutils-mingw-w64-x86-64
x86_64-w64-mingw32-cpp	/bin/x86_64-w64-mingw32-cpp	/usr/bin/x86_64-w64-mingw32-cpp-win32	gcc-mingw-w64-x86-64-win32
x86_64-w64-mingw32-cpp-win32	/bin/x86_64-w64-mingw32-cpp-win32	/usr/bin/x86_64-w64-mingw32-cpp-win32	gcc-mingw-w64-x86-64-win32
x86_64-w64-mingw32-dlltool	/bin/x86_64-w64-mingw32-dlltool	/usr/bin/x86_64-w64-mingw32-dlltool	binutils-mingw-w64-x86-64
x86_64-w64-mingw32-dllwrap	/bin/x86_64-w64-mingw32-dllwrap	/usr/bin/x86_64-w64-mingw32-dllwrap	binutils-mingw-w64-x86-64
x86_64-w64-mingw32-elfedit	/bin/x86_64-w64-mingw32-elfedit	/usr/bin/x86_64-w64-mingw32-elfedit	binutils-mingw-w64-x86-64
x86_64-w64-mingw32-gcc	/bin/x86_64-w64-mingw32-gcc	/usr/bin/x86_64-w64-mingw32-gcc-win32	gcc-mingw-w64-x86-64-win32
x86_64-w64-mingw32-gcc-15	/bin/x86_64-w64-mingw32-gcc-15	/usr/bin/x86_64-w64-mingw32-gcc-15-win32	gcc-mingw-w64-x86-64-win32
x86_64-w64-mingw32-gcc-15-win32	/bin/x86_64-w64-mingw32-gcc-15-win32	/usr/bin/x86_64-w64-mingw32-gcc-15-win32	gcc-mingw-w64-x86-64-win32
x86_64-w64-mingw32-gcc-ar	/bin/x86_64-w64-mingw32-gcc-ar	/usr/bin/x86_64-w64-mingw32-gcc-ar-win32	gcc-mingw-w64-x86-64-win32
x86_64-w64-mingw32-gcc-ar-win32	/bin/x86_64-w64-mingw32-gcc-ar-win32	/usr/bin/x86_64-w64-mingw32-gcc-ar-win32	gcc-mingw-w64-x86-64-win32
x86_64-w64-mingw32-gcc-nm	/bin/x86_64-w64-mingw32-gcc-nm	/usr/bin/x86_64-w64-mingw32-gcc-nm-win32	gcc-mingw-w64-x86-64-win32
x86_64-w64-mingw32-gcc-nm-win32	/bin/x86_64-w64-mingw32-gcc-nm-win32	/usr/bin/x86_64-w64-mingw32-gcc-nm-win32	gcc-mingw-w64-x86-64-win32
x86_64-w64-mingw32-gcc-ranlib	/bin/x86_64-w64-mingw32-gcc-ranlib	/usr/bin/x86_64-w64-mingw32-gcc-ranlib-win32	gcc-mingw-w64-x86-64-win32
x86_64-w64-mingw32-gcc-ranlib-win32	/bin/x86_64-w64-mingw32-gcc-ranlib-win32	/usr/bin/x86_64-w64-mingw32-gcc-ranlib-win32	gcc-mingw-w64-x86-64-win32
x86_64-w64-mingw32-gcc-win32	/bin/x86_64-w64-mingw32-gcc-win32	/usr/bin/x86_64-w64-mingw32-gcc-win32	gcc-mingw-w64-x86-64-win32
x86_64-w64-mingw32-gcov	/bin/x86_64-w64-mingw32-gcov	/usr/bin/x86_64-w64-mingw32-gcov-win32	gcc-mingw-w64-x86-64-win32
x86_64-w64-mingw32-gcov-dump	/bin/x86_64-w64-mingw32-gcov-dump	/usr/bin/x86_64-w64-mingw32-gcov-dump-win32	gcc-mingw-w64-x86-64-win32
x86_64-w64-mingw32-gcov-dump-win32	/bin/x86_64-w64-mingw32-gcov-dump-win32	/usr/bin/x86_64-w64-mingw32-gcov-dump-win32	gcc-mingw-w64-x86-64-win32
x86_64-w64-mingw32-gcov-tool	/bin/x86_64-w64-mingw32-gcov-tool	/usr/bin/x86_64-w64-mingw32-gcov-tool-win32	gcc-mingw-w64-x86-64-win32
x86_64-w64-mingw32-gcov-tool-win32	/bin/x86_64-w64-mingw32-gcov-tool-win32	/usr/bin/x86_64-w64-mingw32-gcov-tool-win32	gcc-mingw-w64-x86-64-win32
x86_64-w64-mingw32-gcov-win32	/bin/x86_64-w64-mingw32-gcov-win32	/usr/bin/x86_64-w64-mingw32-gcov-win32	gcc-mingw-w64-x86-64-win32
x86_64-w64-mingw32-gprof	/bin/x86_64-w64-mingw32-gprof	/usr/bin/x86_64-w64-mingw32-gprof	binutils-mingw-w64-x86-64
x86_64-w64-mingw32-ld	/bin/x86_64-w64-mingw32-ld	/usr/bin/x86_64-w64-mingw32-ld.bfd	binutils-mingw-w64-x86-64
x86_64-w64-mingw32-ld.bfd	/bin/x86_64-w64-mingw32-ld.bfd	/usr/bin/x86_64-w64-mingw32-ld.bfd	binutils-mingw-w64-x86-64
x86_64-w64-mingw32-lto-dump-win32	/bin/x86_64-w64-mingw32-lto-dump-win32	/usr/bin/x86_64-w64-mingw32-lto-dump-win32	gcc-mingw-w64-x86-64-win32
x86_64-w64-mingw32-nm	/bin/x86_64-w64-mingw32-nm	/usr/bin/x86_64-w64-mingw32-nm	binutils-mingw-w64-x86-64
x86_64-w64-mingw32-objcopy	/bin/x86_64-w64-mingw32-objcopy	/usr/bin/x86_64-w64-mingw32-objcopy	binutils-mingw-w64-x86-64
x86_64-w64-mingw32-objdump	/bin/x86_64-w64-mingw32-objdump	/usr/bin/x86_64-w64-mingw32-objdump	binutils-mingw-w64-x86-64
x86_64-w64-mingw32-ranlib	/bin/x86_64-w64-mingw32-ranlib	/usr/bin/x86_64-w64-mingw32-ranlib	binutils-mingw-w64-x86-64
x86_64-w64-mingw32-readelf	/bin/x86_64-w64-mingw32-readelf	/usr/bin/x86_64-w64-mingw32-readelf	binutils-mingw-w64-x86-64
x86_64-w64-mingw32-size	/bin/x86_64-w64-mingw32-size	/usr/bin/x86_64-w64-mingw32-size	binutils-mingw-w64-x86-64
x86_64-w64-mingw32-strings	/bin/x86_64-w64-mingw32-strings	/usr/bin/x86_64-w64-mingw32-strings	binutils-mingw-w64-x86-64
x86_64-w64-mingw32-strip	/bin/x86_64-w64-mingw32-strip	/usr/bin/x86_64-w64-mingw32-strip	binutils-mingw-w64-x86-64
x86_64-w64-mingw32-windmc	/bin/x86_64-w64-mingw32-windmc	/usr/bin/x86_64-w64-mingw32-windmc	binutils-mingw-w64-x86-64
x86_64-w64-mingw32-windres	/bin/x86_64-w64-mingw32-windres	/usr/bin/x86_64-w64-mingw32-windres	binutils-mingw-w64-x86-64
xargs	/bin/xargs	/usr/bin/xargs	findutils
xdg-desktop-icon	/bin/xdg-desktop-icon	/usr/bin/xdg-desktop-icon	xdg-utils
xdg-desktop-menu	/bin/xdg-desktop-menu	/usr/bin/xdg-desktop-menu	xdg-utils
xdg-email	/bin/xdg-email	/usr/bin/xdg-email	xdg-utils
xdg-icon-resource	/bin/xdg-icon-resource	/usr/bin/xdg-icon-resource	xdg-utils
xdg-mime	/bin/xdg-mime	/usr/bin/xdg-mime	xdg-utils
xdg-open	/bin/xdg-open	/usr/bin/xdg-open	xdg-utils
xdg-screensaver	/bin/xdg-screensaver	/usr/bin/xdg-screensaver	xdg-utils
xdg-settings	/bin/xdg-settings	/usr/bin/xdg-settings	xdg-utils
xdpyinfo	/bin/xdpyinfo	/usr/bin/xdpyinfo	x11-utils
xdriinfo	/bin/xdriinfo	/usr/bin/xdriinfo	x11-utils
xev	/bin/xev	/usr/bin/xev	x11-utils
xfd	/bin/xfd	/usr/bin/xfd	x11-utils
xfontsel	/bin/xfontsel	/usr/bin/xfontsel	x11-utils
xkibitz	/bin/xkibitz	/usr/bin/expect_xkibitz	expect
xkill	/bin/xkill	/usr/bin/xkill	x11-utils
xlsatoms	/bin/xlsatoms	/usr/bin/xlsatoms	x11-utils
xlsclients	/bin/xlsclients	/usr/bin/xlsclients	x11-utils
xlsfonts	/bin/xlsfonts	/usr/bin/xlsfonts	x11-utils
xmessage	/bin/xmessage	/usr/bin/xmessage	x11-utils
xminicom	/bin/xminicom	/usr/bin/xminicom	minicom
xmlcatalog	/bin/xmlcatalog	/usr/bin/xmlcatalog	libxml2-utils
xmllint	/bin/xmllint	/usr/bin/xmllint	libxml2-utils
xprop	/bin/xprop	/usr/bin/xprop	x11-utils
xpstat	/bin/xpstat	/usr/bin/expect_xpstat	expect
xsubpp	/bin/xsubpp	/usr/bin/xsubpp	perl
xvinfo	/bin/xvinfo	/usr/bin/xvinfo	x11-utils
xwininfo	/bin/xwininfo	/usr/bin/xwininfo	x11-utils
xxd	/bin/xxd	/usr/bin/xxd	xxd
yes	/bin/yes	/usr/bin/yes	coreutils
ypdomainname	/bin/ypdomainname	/usr/bin/hostname	hostname
zcat	/bin/zcat	/usr/bin/zcat	gzip
zcmp	/bin/zcmp	/usr/bin/zcmp	gzip
zdiff	/bin/zdiff	/usr/bin/zdiff	gzip
zdump	/bin/zdump	/usr/bin/zdump	libc-bin
zed2john	/bin/zed2john	/usr/share/john/zed2john.py	unowned
zegrep	/bin/zegrep	/usr/bin/zegrep	gzip
zfgrep	/bin/zfgrep	/usr/bin/zfgrep	gzip
zforce	/bin/zforce	/usr/bin/zforce	gzip
zgrep	/bin/zgrep	/usr/bin/zgrep	gzip
zip	/bin/zip	/usr/bin/zip	zip
zipcloak	/bin/zipcloak	/usr/bin/zipcloak	zip
zipdetails	/bin/zipdetails	/usr/bin/zipdetails	perl
zipgrep	/bin/zipgrep	/usr/bin/zipgrep	unzip
zipinfo	/bin/zipinfo	/usr/bin/zipinfo	unzip
zipnote	/bin/zipnote	/usr/bin/zipnote	zip
zipsplit	/bin/zipsplit	/usr/bin/zipsplit	zip
zless	/bin/zless	/usr/bin/zless	gzip
zmore	/bin/zmore	/usr/bin/zmore	gzip
znew	/bin/znew	/usr/bin/znew	gzip
zsh	/bin/zsh	/usr/bin/zsh	zsh
SIPdump	/sbin/SIPdump	/usr/sbin/SIPdump	john
a2disconf	/sbin/a2disconf	/usr/sbin/a2enmod	apache2
a2dismod	/sbin/a2dismod	/usr/sbin/a2enmod	apache2
a2dissite	/sbin/a2dissite	/usr/sbin/a2enmod	apache2
a2enconf	/sbin/a2enconf	/usr/sbin/a2enmod	apache2
a2enmod	/sbin/a2enmod	/usr/sbin/a2enmod	apache2
a2ensite	/sbin/a2ensite	/usr/sbin/a2enmod	apache2
a2query	/sbin/a2query	/usr/sbin/a2query	apache2
add-shell	/sbin/add-shell	/usr/sbin/add-shell	debianutils
addgroup	/sbin/addgroup	/usr/sbin/adduser	adduser
adduser	/sbin/adduser	/usr/sbin/adduser	adduser
agetty	/sbin/agetty	/usr/sbin/agetty	util-linux
airbase-ng	/sbin/airbase-ng	/usr/sbin/airbase-ng	aircrack-ng
aireplay-ng	/sbin/aireplay-ng	/usr/sbin/aireplay-ng	aircrack-ng
airmon-ng	/sbin/airmon-ng	/usr/sbin/airmon-ng	aircrack-ng
airodump-ng	/sbin/airodump-ng	/usr/sbin/airodump-ng	aircrack-ng
airodump-ng-oui-update	/sbin/airodump-ng-oui-update	/usr/sbin/airodump-ng-oui-update	aircrack-ng
airserv-ng	/sbin/airserv-ng	/usr/sbin/airserv-ng	aircrack-ng
airtun-ng	/sbin/airtun-ng	/usr/sbin/airtun-ng	aircrack-ng
airventriloquist-ng	/sbin/airventriloquist-ng	/usr/sbin/airventriloquist-ng	aircrack-ng
apache2	/sbin/apache2	/usr/sbin/apache2	apache2-bin
apache2ctl	/sbin/apache2ctl	/usr/sbin/apache2ctl	apache2
apachectl	/sbin/apachectl	/usr/sbin/apache2ctl	apache2
arp	/sbin/arp	/usr/sbin/arp	net-tools
arp-fingerprint	/sbin/arp-fingerprint	/usr/sbin/arp-fingerprint	arp-scan
arp-scan	/sbin/arp-scan	/usr/sbin/arp-scan	arp-scan
arpd	/sbin/arpd	/usr/sbin/arpd	iproute2
arping	/sbin/arping	/usr/sbin/arping	arping
aspell-autobuildhash	/sbin/aspell-autobuildhash	/usr/sbin/aspell-autobuildhash	dictionaries-common
astraceroute	/sbin/astraceroute	/usr/sbin/astraceroute	netsniff-ng
atftpd	/sbin/atftpd	/usr/sbin/atftpd	atftpd
base64conv	/sbin/base64conv	/usr/lib/john/john-avx512bw-omp	unowned
besside-ng	/sbin/besside-ng	/usr/sbin/besside-ng	aircrack-ng
biosdecode	/sbin/biosdecode	/usr/sbin/biosdecode	dmidecode
bitlocker2john	/sbin/bitlocker2john	/usr/sbin/bitlocker2john	john
blkdeactivate	/sbin/blkdeactivate	/usr/sbin/blkdeactivate	dmsetup
blkdiscard	/sbin/blkdiscard	/usr/sbin/blkdiscard	util-linux
blkid	/sbin/blkid	/usr/sbin/blkid	util-linux
blockdev	/sbin/blockdev	/usr/sbin/blockdev	util-linux
bluetoothd	/sbin/bluetoothd	/usr/libexec/bluetooth/bluetoothd	unowned
bpfc	/sbin/bpfc	/usr/sbin/bpfc	netsniff-ng
bridge	/sbin/bridge	/usr/sbin/bridge	iproute2
bucts	/sbin/bucts	/usr/sbin/bucts	coreboot-utils
calc_stat	/sbin/calc_stat	/usr/sbin/calc_stat	john
capsh	/sbin/capsh	/usr/sbin/capsh	libcap2-bin
cbfs-compression-tool	/sbin/cbfs-compression-tool	/usr/sbin/cbfs-compression-tool	coreboot-utils
cbfstool	/sbin/cbfstool	/usr/sbin/cbfstool	coreboot-utils
cbmem	/sbin/cbmem	/usr/sbin/cbmem	coreboot-utils
cgdisk	/sbin/cgdisk	/usr/sbin/cgdisk	gdisk
check_forensic	/sbin/check_forensic	/usr/sbin/check_forensic	apache2-utils
chgpasswd	/sbin/chgpasswd	/usr/sbin/chgpasswd	passwd
chntpw	/sbin/chntpw	/usr/sbin/chntpw	chntpw
chpasswd	/sbin/chpasswd	/usr/sbin/chpasswd	passwd
chroot	/sbin/chroot	/usr/sbin/chroot	coreutils
cifs.idmap	/sbin/cifs.idmap	/usr/sbin/cifs.idmap	cifs-utils
cifs.upcall	/sbin/cifs.upcall	/usr/sbin/cifs.upcall	cifs-utils
cprepair	/sbin/cprepair	/usr/sbin/cprepair	john
cryptdisks_start	/sbin/cryptdisks_start	/usr/sbin/cryptdisks_start	cryptsetup
cryptdisks_stop	/sbin/cryptdisks_stop	/usr/sbin/cryptdisks_stop	cryptsetup
cryptsetup	/sbin/cryptsetup	/usr/sbin/cryptsetup	cryptsetup-bin
curvetun	/sbin/curvetun	/usr/sbin/curvetun	netsniff-ng
dcb	/sbin/dcb	/usr/sbin/dcb	iproute2
debian-update-rc.d	/sbin/debian-update-rc.d	/usr/sbin/debian-update-rc.d	init-system-helpers
delgroup	/sbin/delgroup	/usr/sbin/deluser	adduser
deluser	/sbin/deluser	/usr/sbin/deluser	adduser
depmod	/sbin/depmod	/usr/bin/kmod	kmod
devlink	/sbin/devlink	/usr/sbin/devlink	iproute2
dmg2john	/sbin/dmg2john	/usr/sbin/dmg2john	john
dmidecode	/sbin/dmidecode	/usr/sbin/dmidecode	dmidecode
dmsetup	/sbin/dmsetup	/usr/sbin/dmsetup	dmsetup
dmstats	/sbin/dmstats	/usr/sbin/dmsetup	dmsetup
dpkg-preconfigure	/sbin/dpkg-preconfigure	/usr/sbin/dpkg-preconfigure	debconf
dpkg-reconfigure	/sbin/dpkg-reconfigure	/usr/sbin/dpkg-reconfigure	debconf
dpll	/sbin/dpll	/usr/sbin/dpll	iproute2
eapmd5tojohn	/sbin/eapmd5tojohn	/usr/sbin/eapmd5tojohn	john
easside-ng	/sbin/easside-ng	/usr/sbin/easside-ng	aircrack-ng
ectool	/sbin/ectool	/usr/sbin/ectool	coreboot-utils
elogtool	/sbin/elogtool	/usr/sbin/elogtool	coreboot-utils
ethtool	/sbin/ethtool	/usr/sbin/ethtool	ethtool
eventlogadm	/sbin/eventlogadm	/usr/sbin/eventlogadm	samba
faillock	/sbin/faillock	/usr/sbin/faillock	libpam-modules-bin
findfs	/sbin/findfs	/usr/sbin/findfs	util-linux
fixparts	/sbin/fixparts	/usr/sbin/fixparts	gdisk
flashrom	/sbin/flashrom	/usr/sbin/flashrom	flashrom
flowtop	/sbin/flowtop	/usr/sbin/flowtop	netsniff-ng
fmaptool	/sbin/fmaptool	/usr/sbin/fmaptool	coreboot-utils
fsck	/sbin/fsck	/usr/sbin/fsck	util-linux
fsfreeze	/sbin/fsfreeze	/usr/sbin/fsfreeze	util-linux
fstab-decode	/sbin/fstab-decode	/usr/sbin/fstab-decode	sysvinit-utils
fstrim	/sbin/fstrim	/usr/sbin/fstrim	util-linux
gdisk	/sbin/gdisk	/usr/sbin/gdisk	gdisk
genl	/sbin/genl	/usr/sbin/genl	iproute2
genmkvpwd	/sbin/genmkvpwd	/usr/sbin/genmkvpwd	john
get-iab	/sbin/get-iab	/usr/sbin/get-iab	arp-scan
get-oui	/sbin/get-oui	/usr/sbin/get-oui	arp-scan
getcap	/sbin/getcap	/usr/sbin/getcap	libcap2-bin
getpcaps	/sbin/getpcaps	/usr/sbin/getpcaps	libcap2-bin
getty	/sbin/getty	/usr/sbin/agetty	util-linux
gpg2john	/sbin/gpg2john	/usr/lib/john/john-avx512bw-omp	unowned
groupadd	/sbin/groupadd	/usr/sbin/groupadd	passwd
groupdel	/sbin/groupdel	/usr/sbin/groupdel	passwd
groupmod	/sbin/groupmod	/usr/sbin/groupmod	passwd
grpck	/sbin/grpck	/usr/sbin/grpck	passwd
grpconv	/sbin/grpconv	/usr/sbin/grpconv	passwd
grpunconv	/sbin/grpunconv	/usr/sbin/grpunconv	passwd
halt	/sbin/halt	/usr/bin/systemctl	systemd
hccap2john	/sbin/hccap2john	/usr/sbin/hccap2john	john
hping3	/sbin/hping3	/usr/sbin/hping3	hping3
httxt2dbm	/sbin/httxt2dbm	/usr/sbin/httxt2dbm	apache2-utils
hwloc-dump-hwdata	/sbin/hwloc-dump-hwdata	/usr/sbin/hwloc-dump-hwdata	hwloc
i2c-stub-from-dump	/sbin/i2c-stub-from-dump	/usr/sbin/i2c-stub-from-dump	i2c-tools
i2cdetect	/sbin/i2cdetect	/usr/sbin/i2cdetect	i2c-tools
i2cdump	/sbin/i2cdump	/usr/sbin/i2cdump	i2c-tools
i2cget	/sbin/i2cget	/usr/sbin/i2cget	i2c-tools
i2cset	/sbin/i2cset	/usr/sbin/i2cset	i2c-tools
i2ctransfer	/sbin/i2ctransfer	/usr/sbin/i2ctransfer	i2c-tools
iconvconfig	/sbin/iconvconfig	/usr/sbin/iconvconfig	libc-bin
ifconfig	/sbin/ifconfig	/usr/sbin/ifconfig	net-tools
ifdown	/sbin/ifdown	/usr/sbin/ifup	ifupdown
ifdtool	/sbin/ifdtool	/usr/sbin/ifdtool	coreboot-utils
ifittool	/sbin/ifittool	/usr/sbin/ifittool	coreboot-utils
ifpps	/sbin/ifpps	/usr/sbin/ifpps	netsniff-ng
ifquery	/sbin/ifquery	/usr/sbin/ifup	ifupdown
ifup	/sbin/ifup	/usr/sbin/ifup	ifupdown
ifwitool	/sbin/ifwitool	/usr/sbin/ifwitool	coreboot-utils
in.tftpd	/sbin/in.tftpd	/usr/sbin/atftpd	atftpd
init	/sbin/init	/usr/lib/systemd/systemd	unowned
insmod	/sbin/insmod	/usr/bin/kmod	kmod
installkernel	/sbin/installkernel	/usr/sbin/installkernel	debianutils
integritysetup	/sbin/integritysetup	/usr/sbin/integritysetup	cryptsetup-bin
intelmetool	/sbin/intelmetool	/usr/sbin/intelmetool	coreboot-utils
inteltool	/sbin/inteltool	/usr/sbin/inteltool	coreboot-utils
intelvbttool	/sbin/intelvbttool	/usr/sbin/intelvbttool	coreboot-utils
invoke-rc.d	/sbin/invoke-rc.d	/usr/sbin/invoke-rc.d	init-system-helpers
iodine	/sbin/iodine	/usr/sbin/iodine	iodine
iodine-client-start	/sbin/iodine-client-start	/usr/sbin/iodine-client-start	iodine
iodined	/sbin/iodined	/usr/sbin/iodined	iodine
ip	/sbin/ip	/usr/bin/ip	iproute2
ipmaddr	/sbin/ipmaddr	/usr/sbin/ipmaddr	net-tools
iptunnel	/sbin/iptunnel	/usr/sbin/iptunnel	net-tools
ispell-autobuildhash	/sbin/ispell-autobuildhash	/usr/sbin/ispell-autobuildhash	dictionaries-common
iw	/sbin/iw	/usr/sbin/iw	iw
john	/sbin/john	/usr/lib/john/john-avx512bw-omp	unowned
keepass2john	/sbin/keepass2john	/usr/sbin/keepass2john	john
key.dns_resolver	/sbin/key.dns_resolver	/usr/sbin/key.dns_resolver	keyutils
killall5	/sbin/killall5	/usr/sbin/killall5	sysvinit-utils
ldconfig	/sbin/ldconfig	/usr/sbin/ldconfig	libc-bin
locale-gen	/sbin/locale-gen	/usr/sbin/locale-gen	locales
logsave	/sbin/logsave	/usr/sbin/logsave	logsave
losetup	/sbin/losetup	/usr/sbin/losetup	mount
lsmod	/sbin/lsmod	/usr/bin/kmod	kmod
luksformat	/sbin/luksformat	/usr/sbin/luksformat	cryptsetup
mailer	/sbin/mailer	/usr/sbin/mailer	john
make-ssl-cert	/sbin/make-ssl-cert	/usr/sbin/make-ssl-cert	ssl-cert
mariadbd	/sbin/mariadbd	/usr/sbin/mariadbd	mariadb-server-core
mausezahn	/sbin/mausezahn	/usr/sbin/mausezahn	netsniff-ng
mii-tool	/sbin/mii-tool	/usr/sbin/mii-tool	net-tools
miredo	/sbin/miredo	/usr/sbin/miredo	miredo
miredo-checkconf	/sbin/miredo-checkconf	/usr/sbin/miredo-checkconf	miredo
mkfs	/sbin/mkfs	/usr/sbin/mkfs	util-linux
mkfs.ntfs	/sbin/mkfs.ntfs	/usr/sbin/mkntfs	ntfs-3g
mkhomedir_helper	/sbin/mkhomedir_helper	/usr/sbin/mkhomedir_helper	libpam-modules-bin
mkinitramfs	/sbin/mkinitramfs	/usr/sbin/mkinitramfs	initramfs-tools-core
mkntfs	/sbin/mkntfs	/usr/sbin/mkntfs	ntfs-3g
mkswap	/sbin/mkswap	/usr/sbin/mkswap	util-linux
mkvcalcproba	/sbin/mkvcalcproba	/usr/sbin/mkvcalcproba	john
modinfo	/sbin/modinfo	/usr/bin/kmod	kmod
modprobe	/sbin/modprobe	/usr/bin/kmod	kmod
mount.cifs	/sbin/mount.cifs	/usr/sbin/mount.cifs	cifs-utils
mount.fuse	/sbin/mount.fuse	/usr/sbin/mount.fuse3	fuse3
mount.fuse3	/sbin/mount.fuse3	/usr/sbin/mount.fuse3	fuse3
mount.lowntfs-3g	/sbin/mount.lowntfs-3g	/usr/bin/lowntfs-3g	ntfs-3g
mount.nfs	/sbin/mount.nfs	/usr/sbin/mount.nfs	nfs-common
mount.nfs4	/sbin/mount.nfs4	/usr/sbin/mount.nfs	nfs-common
mount.ntfs	/sbin/mount.ntfs	/usr/bin/ntfs-3g	ntfs-3g
mount.ntfs-3g	/sbin/mount.ntfs-3g	/usr/bin/ntfs-3g	ntfs-3g
mount.smb3	/sbin/mount.smb3	/usr/sbin/mount.cifs	cifs-utils
mountstats	/sbin/mountstats	/usr/sbin/mountstats	nfs-common
msrtool	/sbin/msrtool	/usr/sbin/msrtool	coreboot-utils
mysqld	/sbin/mysqld	/usr/sbin/mariadbd	mariadb-server-core
nameif	/sbin/nameif	/usr/sbin/nameif	net-tools
netdiscover	/sbin/netdiscover	/usr/sbin/netdiscover	netdiscover
netsniff-ng	/sbin/netsniff-ng	/usr/sbin/netsniff-ng	netsniff-ng
newusers	/sbin/newusers	/usr/sbin/newusers	passwd
nfsconf	/sbin/nfsconf	/usr/sbin/nfsconf	nfs-common
nfsidmap	/sbin/nfsidmap	/usr/sbin/nfsidmap	nfs-common
nfsiostat	/sbin/nfsiostat	/usr/sbin/nfsiostat	nfs-common
nfsstat	/sbin/nfsstat	/usr/sbin/nfsstat	nfs-common
nginx	/sbin/nginx	/usr/sbin/nginx	nginx
nmbd	/sbin/nmbd	/usr/sbin/nmbd	samba
nologin	/sbin/nologin	/usr/sbin/nologin	login
ntfsclone	/sbin/ntfsclone	/usr/sbin/ntfsclone	ntfs-3g
ntfscp	/sbin/ntfscp	/usr/sbin/ntfscp	ntfs-3g
ntfslabel	/sbin/ntfslabel	/usr/sbin/ntfslabel	ntfs-3g
ntfsresize	/sbin/ntfsresize	/usr/sbin/ntfsresize	ntfs-3g
ntfsundelete	/sbin/ntfsundelete	/usr/sbin/ntfsundelete	ntfs-3g
nvramtool	/sbin/nvramtool	/usr/sbin/nvramtool	coreboot-utils
openvpn	/sbin/openvpn	/usr/sbin/openvpn	openvpn
ownership	/sbin/ownership	/usr/sbin/ownership	dmidecode
pam-auth-update	/sbin/pam-auth-update	/usr/sbin/pam-auth-update	libpam-runtime
pam_getenv	/sbin/pam_getenv	/usr/sbin/pam_getenv	libpam-runtime
pam_namespace_helper	/sbin/pam_namespace_helper	/usr/sbin/pam_namespace_helper	libpam-modules-bin
pam_timestamp_check	/sbin/pam_timestamp_check	/usr/sbin/pam_timestamp_check	libpam-modules-bin
parted	/sbin/parted	/usr/sbin/parted	parted
partprobe	/sbin/partprobe	/usr/sbin/partprobe	parted
pg_updatedicts	/sbin/pg_updatedicts	/usr/sbin/pg_updatedicts	postgresql-common
phpdismod	/sbin/phpdismod	/usr/sbin/phpenmod	php-common
phpenmod	/sbin/phpenmod	/usr/sbin/phpenmod	php-common
phpquery	/sbin/phpquery	/usr/sbin/phpquery	php-common
plipconfig	/sbin/plipconfig	/usr/sbin/plipconfig	net-tools
plocate-build	/sbin/plocate-build	/usr/sbin/plocate-build	plocate
pmh7tool	/sbin/pmh7tool	/usr/sbin/pmh7tool	coreboot-utils
policy-rc.d	/sbin/policy-rc.d	/usr/sbin/policy-rc.d	unowned
poweroff	/sbin/poweroff	/usr/bin/systemctl	systemd
ptunnel	/sbin/ptunnel	/usr/sbin/ptunnel	ptunnel
putty2john	/sbin/putty2john	/usr/sbin/putty2john	john
pwck	/sbin/pwck	/usr/sbin/pwck	passwd
pwconv	/sbin/pwconv	/usr/sbin/pwconv	passwd
pwhistory_helper	/sbin/pwhistory_helper	/usr/sbin/pwhistory_helper	libpam-modules-bin
pwunconv	/sbin/pwunconv	/usr/sbin/pwunconv	passwd
racf2john	/sbin/racf2john	/usr/sbin/racf2john	john
rar2john	/sbin/rar2john	/usr/lib/john/john-avx512bw-omp	unowned
rarp	/sbin/rarp	/usr/sbin/rarp	net-tools
raw2dyna	/sbin/raw2dyna	/usr/sbin/raw2dyna	john
readprofile	/sbin/readprofile	/usr/sbin/readprofile	util-linux
reboot	/sbin/reboot	/usr/bin/systemctl	systemd
redsocks	/sbin/redsocks	/usr/sbin/redsocks	redsocks
reged	/sbin/reged	/usr/sbin/reged	chntpw
remove-default-ispell	/sbin/remove-default-ispell	/usr/sbin/remove-default-ispell	dictionaries-common
remove-default-wordlist	/sbin/remove-default-wordlist	/usr/sbin/remove-default-wordlist	dictionaries-common
remove-shell	/sbin/remove-shell	/usr/sbin/remove-shell	debianutils
request-key	/sbin/request-key	/usr/sbin/request-key	keyutils
responder	/sbin/responder	/usr/sbin/responder	responder
responder-DHCP_Auto	/sbin/responder-DHCP_Auto	/usr/sbin/responder-DHCP_Auto	responder
rfkill	/sbin/rfkill	/usr/sbin/rfkill	rfkill
rmmod	/sbin/rmmod	/usr/bin/kmod	kmod
rmodtool	/sbin/rmodtool	/usr/sbin/rmodtool	coreboot-utils
rmt	/sbin/rmt	/usr/sbin/rmt-tar	tar
rmt-tar	/sbin/rmt-tar	/usr/sbin/rmt-tar	tar
route	/sbin/route	/usr/sbin/route	net-tools
rpc.gssd	/sbin/rpc.gssd	/usr/sbin/rpc.gssd	nfs-common
rpc.idmapd	/sbin/rpc.idmapd	/usr/sbin/rpc.idmapd	nfs-common
rpc.statd	/sbin/rpc.statd	/usr/sbin/rpc.statd	nfs-common
rpc.svcgssd	/sbin/rpc.svcgssd	/usr/sbin/rpc.svcgssd	nfs-common
rpcbind	/sbin/rpcbind	/usr/sbin/rpcbind	rpcbind
rpcctl	/sbin/rpcctl	/usr/sbin/rpcctl	nfs-common
rpcdebug	/sbin/rpcdebug	/usr/sbin/rpcdebug	nfs-common
rpcinfo	/sbin/rpcinfo	/usr/bin/rpcinfo	rpcbind
rtacct	/sbin/rtacct	/usr/sbin/rtacct	iproute2
rtcwake	/sbin/rtcwake	/usr/sbin/rtcwake	util-linux
rtmon	/sbin/rtmon	/usr/sbin/rtmon	iproute2
runuser	/sbin/runuser	/usr/sbin/runuser	util-linux
sampasswd	/sbin/sampasswd	/usr/sbin/sampasswd	chntpw
samunlock	/sbin/samunlock	/usr/sbin/samunlock	chntpw
samusrgrp	/sbin/samusrgrp	/usr/sbin/samusrgrp	chntpw
scrounge-ntfs	/sbin/scrounge-ntfs	/usr/sbin/scrounge-ntfs	scrounge-ntfs
select-default-ispell	/sbin/select-default-ispell	/usr/sbin/select-default-ispell	dictionaries-common
select-default-wordlist	/sbin/select-default-wordlist	/usr/sbin/select-default-wordlist	dictionaries-common
service	/sbin/service	/usr/sbin/service	init-system-helpers
setcap	/sbin/setcap	/usr/sbin/setcap	libcap2-bin
sgdisk	/sbin/sgdisk	/usr/sbin/sgdisk	gdisk
shadowconfig	/sbin/shadowconfig	/usr/sbin/shadowconfig	passwd
showmount	/sbin/showmount	/usr/sbin/showmount	nfs-common
shutdown	/sbin/shutdown	/usr/bin/systemctl	systemd
slattach	/sbin/slattach	/usr/sbin/slattach	net-tools
sm-notify	/sbin/sm-notify	/usr/sbin/sm-notify	nfs-common
smbd	/sbin/smbd	/usr/sbin/smbd	samba
snmpd	/sbin/snmpd	/usr/sbin/snmpd	snmpd
split-logfile	/sbin/split-logfile	/usr/sbin/split-logfile	apache2-utils
sshd	/sbin/sshd	/usr/sbin/sshd	openssh-server
sslh	/sbin/sslh	/usr/sbin/sslh	sslh
sslh-ev	/sbin/sslh-ev	/usr/sbin/sslh-ev	sslh
sslh-select	/sbin/sslh-select	/usr/sbin/sslh-select	sslh
start-statd	/sbin/start-statd	/usr/sbin/start-statd	nfs-common
start-stop-daemon	/sbin/start-stop-daemon	/usr/sbin/start-stop-daemon	dpkg
sudo_logsrvd	/sbin/sudo_logsrvd	/usr/sbin/sudo_logsrvd	sudo
sudo_sendlog	/sbin/sudo_sendlog	/usr/sbin/sudo_sendlog	sudo
sulogin	/sbin/sulogin	/usr/sbin/sulogin	util-linux
superiotool	/sbin/superiotool	/usr/sbin/superiotool	coreboot-utils
swaplabel	/sbin/swaplabel	/usr/sbin/swaplabel	util-linux
swapoff	/sbin/swapoff	/usr/sbin/swapoff	mount
swapon	/sbin/swapon	/usr/sbin/swapon	mount
sysctl	/sbin/sysctl	/usr/sbin/sysctl	procps
tarcat	/sbin/tarcat	/usr/sbin/tarcat	tar
tc	/sbin/tc	/usr/sbin/tc	iproute2
tcpick	/sbin/tcpick	/usr/sbin/tcpick	tcpick
tcptraceroute	/sbin/tcptraceroute	/usr/sbin/tcptraceroute.db	traceroute
tcptraceroute.db	/sbin/tcptraceroute.db	/usr/sbin/tcptraceroute.db	traceroute
tgtsnarf	/sbin/tgtsnarf	/usr/sbin/tgtsnarf	john
tipc	/sbin/tipc	/usr/sbin/tipc	iproute2
tkiptun-ng	/sbin/tkiptun-ng	/usr/sbin/tkiptun-ng	aircrack-ng
traceroute	/sbin/traceroute	/usr/bin/traceroute.db	traceroute
trafgen	/sbin/trafgen	/usr/sbin/trafgen	netsniff-ng
uaf2john	/sbin/uaf2john	/usr/sbin/uaf2john	john
umount.nfs	/sbin/umount.nfs	/usr/sbin/mount.nfs	nfs-common
umount.nfs4	/sbin/umount.nfs4	/usr/sbin/mount.nfs	nfs-common
unafs	/sbin/unafs	/usr/lib/john/john-avx512bw-omp	unowned
undrop	/sbin/undrop	/usr/lib/john/john-avx512bw-omp	unowned
unique	/sbin/unique	/usr/lib/john/john-avx512bw-omp	unowned
unix_chkpwd	/sbin/unix_chkpwd	/usr/sbin/unix_chkpwd	libpam-modules-bin
unix_update	/sbin/unix_update	/usr/sbin/unix_update	libpam-modules-bin
unshadow	/sbin/unshadow	/usr/lib/john/john-avx512bw-omp	unowned
update-ca-certificates	/sbin/update-ca-certificates	/usr/sbin/update-ca-certificates	ca-certificates
update-default-aspell	/sbin/update-default-aspell	/usr/sbin/update-dictcommon-aspell	dictionaries-common
update-default-ispell	/sbin/update-default-ispell	/usr/sbin/update-default-ispell	dictionaries-common
update-default-wordlist	/sbin/update-default-wordlist	/usr/sbin/update-default-wordlist	dictionaries-common
update-dictcommon-aspell	/sbin/update-dictcommon-aspell	/usr/sbin/update-dictcommon-aspell	dictionaries-common
update-dictcommon-hunspell	/sbin/update-dictcommon-hunspell	/usr/sbin/update-dictcommon-hunspell	dictionaries-common
update-icon-caches	/sbin/update-icon-caches	/usr/sbin/update-icon-caches	gtk-update-icon-cache
update-ieee-data	/sbin/update-ieee-data	/usr/sbin/update-ieee-data	ieee-data
update-inetd	/sbin/update-inetd	/usr/sbin/update-inetd	update-inetd
update-initramfs	/sbin/update-initramfs	/usr/sbin/update-initramfs	initramfs-tools
update-java-alternatives	/sbin/update-java-alternatives	/usr/sbin/update-java-alternatives	java-common
update-locale	/sbin/update-locale	/usr/sbin/update-locale	locales
update-passwd	/sbin/update-passwd	/usr/sbin/update-passwd	base-passwd
update-rc.d	/sbin/update-rc.d	/usr/sbin/update-rc.d	init-system-helpers
update-shells	/sbin/update-shells	/usr/sbin/update-shells	debianutils
updatedb.plocate	/sbin/updatedb.plocate	/usr/sbin/updatedb.plocate	plocate
useradd	/sbin/useradd	/usr/sbin/useradd	passwd
userdel	/sbin/userdel	/usr/sbin/userdel	passwd
usermod	/sbin/usermod	/usr/sbin/usermod	passwd
validlocale	/sbin/validlocale	/usr/sbin/validlocale	locales
vconfig	/sbin/vconfig	/usr/sbin/vconfig	vlan
vdpa	/sbin/vdpa	/usr/sbin/vdpa	iproute2
veritysetup	/sbin/veritysetup	/usr/sbin/veritysetup	cryptsetup-bin
vigr	/sbin/vigr	/usr/sbin/vipw	passwd
vipw	/sbin/vipw	/usr/sbin/vipw	passwd
visudo	/sbin/visudo	/usr/sbin/visudo	sudo
vncpcap2john	/sbin/vncpcap2john	/usr/sbin/vncpcap2john	john
vpddecode	/sbin/vpddecode	/usr/sbin/vpddecode	dmidecode
vpnc	/sbin/vpnc	/usr/sbin/vpnc	vpnc
vpnc-connect	/sbin/vpnc-connect	/usr/sbin/vpnc	vpnc
vpnc-disconnect	/sbin/vpnc-disconnect	/usr/sbin/vpnc-disconnect	vpnc
wesside-ng	/sbin/wesside-ng	/usr/sbin/wesside-ng	aircrack-ng
wifite	/sbin/wifite	/usr/sbin/wifite	wifite
wipefs	/sbin/wipefs	/usr/sbin/wipefs	util-linux
wpapcap2john	/sbin/wpapcap2john	/usr/sbin/wpapcap2john	john
zic	/sbin/zic	/usr/sbin/zic	libc-bin
zip2john	/sbin/zip2john	/usr/lib/john/john-avx512bw-omp	unowned
zramctl	/sbin/zramctl	/usr/sbin/zramctl	util-linux
1password2john	/usr/bin/1password2john	/usr/share/john/1password2john.py	john-data
3cpio	/usr/bin/3cpio	/usr/bin/3cpio	3cpio
7z	/usr/bin/7z	/usr/bin/7z	7zip
7z2john	/usr/bin/7z2john	/usr/share/john/7z2john.pl	john-data
7za	/usr/bin/7za	/usr/bin/7za	7zip
7zr	/usr/bin/7zr	/usr/bin/7zr	7zip
DPAPImk2john	/usr/bin/DPAPImk2john	/usr/share/john/DPAPImk2john.py	john-data
GET	/usr/bin/GET	/usr/bin/lwp-request	libwww-perl
HEAD	/usr/bin/HEAD	/usr/bin/lwp-request	libwww-perl
POST	/usr/bin/POST	/usr/bin/lwp-request	libwww-perl
[	/usr/bin/[	/usr/bin/[	coreutils
ab	/usr/bin/ab	/usr/bin/ab	apache2-utils
activate-global-python-argcomplete	/usr/bin/activate-global-python-argcomplete	/usr/bin/activate-global-python-argcomplete	python3-argcomplete
addr2line	/usr/bin/addr2line	/usr/bin/x86_64-linux-gnu-addr2line	binutils
adxcsouf2john	/usr/bin/adxcsouf2john	/usr/share/john/adxcsouf2john.py	john-data
aem2john	/usr/bin/aem2john	/usr/share/john/aem2john.py	john-data
agentxtrap	/usr/bin/agentxtrap	/usr/bin/agentxtrap	snmp
aircrack-ng	/usr/bin/aircrack-ng	/usr/bin/aircrack-ng	aircrack-ng
airdecap-ng	/usr/bin/airdecap-ng	/usr/bin/airdecap-ng	aircrack-ng
airdecloak-ng	/usr/bin/airdecloak-ng	/usr/bin/airdecloak-ng	aircrack-ng
airolib-ng	/usr/bin/airolib-ng	/usr/bin/airolib-ng	aircrack-ng
aix2john	/usr/bin/aix2john	/usr/share/john/aix2john.py	john-data
amass	/usr/bin/amass	/usr/bin/amass	amass
andotp2john	/usr/bin/andotp2john	/usr/share/john/andotp2john.py	john-data
androidbackup2john	/usr/bin/androidbackup2john	/usr/share/john/androidbackup2john.py	john-data
androidfde2john	/usr/bin/androidfde2john	/usr/share/john/androidfde2john.py	john-data
ansible2john	/usr/bin/ansible2john	/usr/share/john/ansible2john.py	john-data
antdsparse	/usr/bin/antdsparse	/usr/bin/antdsparse	python3-aesedb
apex2john	/usr/bin/apex2john	/usr/share/john/apex2john.py	john-data
applenotes2john	/usr/bin/applenotes2john	/usr/share/john/applenotes2john.py	john-data
appres	/usr/bin/appres	/usr/bin/appres	x11-utils
apt	/usr/bin/apt	/usr/bin/apt	apt
apt-cache	/usr/bin/apt-cache	/usr/bin/apt-cache	apt
apt-cdrom	/usr/bin/apt-cdrom	/usr/bin/apt-cdrom	apt
apt-config	/usr/bin/apt-config	/usr/bin/apt-config	apt
apt-extracttemplates	/usr/bin/apt-extracttemplates	/usr/lib/apt/apt-extracttemplates	apt-utils
apt-ftparchive	/usr/bin/apt-ftparchive	/usr/bin/apt-ftparchive	apt-utils
apt-get	/usr/bin/apt-get	/usr/bin/apt-get	apt
apt-mark	/usr/bin/apt-mark	/usr/bin/apt-mark	apt
apt-sortpkgs	/usr/bin/apt-sortpkgs	/usr/bin/apt-sortpkgs	apt-utils
apython	/usr/bin/apython	/usr/bin/apython	python3-aioconsole
ar	/usr/bin/ar	/usr/bin/x86_64-linux-gnu-ar	binutils
arch	/usr/bin/arch	/usr/bin/arch	coreutils
aria_chk	/usr/bin/aria_chk	/usr/bin/aria_chk	mariadb-server
aria_dump_log	/usr/bin/aria_dump_log	/usr/bin/aria_dump_log	mariadb-server
aria_ftdump	/usr/bin/aria_ftdump	/usr/bin/aria_ftdump	mariadb-server
aria_pack	/usr/bin/aria_pack	/usr/bin/aria_pack	mariadb-server
aria_read_log	/usr/bin/aria_read_log	/usr/bin/aria_read_log	mariadb-server
arpspoof	/usr/bin/arpspoof	/usr/bin/arpspoof	dsniff
aruba2john	/usr/bin/aruba2john	/usr/share/john/aruba2john.py	john-data
as	/usr/bin/as	/usr/bin/x86_64-linux-gnu-as	binutils
ascii-xfr	/usr/bin/ascii-xfr	/usr/bin/ascii-xfr	minicom
asmbcertreq	/usr/bin/asmbcertreq	/usr/bin/asmbcertreq	python3-aiosmb
asmbclient	/usr/bin/asmbclient	/usr/bin/asmbclient	python3-aiosmb
asmbgetfile	/usr/bin/asmbgetfile	/usr/bin/asmbgetfile	python3-aiosmb
asmbscanner	/usr/bin/asmbscanner	/usr/bin/asmbscanner	python3-aiosmb
asmbshareenum	/usr/bin/asmbshareenum	/usr/bin/asmbshareenum	python3-aiosmb
asn1tools	/usr/bin/asn1tools	/usr/bin/asn1tools	python3-asn1tools
asysocks-brute	/usr/bin/asysocks-brute	/usr/bin/asysocks-brute	python3-asysocks
asysocks-portscan	/usr/bin/asysocks-portscan	/usr/bin/asysocks-portscan	python3-asysocks
asysocks-proxy	/usr/bin/asysocks-proxy	/usr/bin/asysocks-proxy	python3-asysocks
asysocks-sec	/usr/bin/asysocks-sec	/usr/bin/asysocks-sec	python3-asysocks
asysocks-tunnel	/usr/bin/asysocks-tunnel	/usr/bin/asysocks-tunnel	python3-asysocks
atk6-address6	/usr/bin/atk6-address6	/usr/bin/atk6-address6	thc-ipv6
atk6-alive6	/usr/bin/atk6-alive6	/usr/bin/atk6-alive6	thc-ipv6
atk6-connect6	/usr/bin/atk6-connect6	/usr/bin/atk6-connect6	thc-ipv6
atk6-connsplit6	/usr/bin/atk6-connsplit6	/usr/bin/atk6-connsplit6	thc-ipv6
atk6-covert_send6	/usr/bin/atk6-covert_send6	/usr/bin/atk6-covert_send6	thc-ipv6
atk6-covert_send6d	/usr/bin/atk6-covert_send6d	/usr/bin/atk6-covert_send6d	thc-ipv6
atk6-denial6	/usr/bin/atk6-denial6	/usr/bin/atk6-denial6	thc-ipv6
atk6-detect-new-ip6	/usr/bin/atk6-detect-new-ip6	/usr/bin/atk6-detect-new-ip6	thc-ipv6
atk6-detect_sniffer6	/usr/bin/atk6-detect_sniffer6	/usr/bin/atk6-detect_sniffer6	thc-ipv6
atk6-dnsdict6	/usr/bin/atk6-dnsdict6	/usr/bin/atk6-dnsdict6	thc-ipv6
atk6-dnsrevenum6	/usr/bin/atk6-dnsrevenum6	/usr/bin/atk6-dnsrevenum6	thc-ipv6
atk6-dnssecwalk	/usr/bin/atk6-dnssecwalk	/usr/bin/atk6-dnssecwalk	thc-ipv6
atk6-dos-new-ip6	/usr/bin/atk6-dos-new-ip6	/usr/bin/atk6-dos-new-ip6	thc-ipv6
atk6-dump_dhcp6	/usr/bin/atk6-dump_dhcp6	/usr/bin/atk6-dump_dhcp6	thc-ipv6
atk6-dump_router6	/usr/bin/atk6-dump_router6	/usr/bin/atk6-dump_router6	thc-ipv6
atk6-exploit6	/usr/bin/atk6-exploit6	/usr/bin/atk6-exploit6	thc-ipv6
atk6-extract_hosts6	/usr/bin/atk6-extract_hosts6	/usr/bin/atk6-extract_hosts6	thc-ipv6
atk6-extract_networks6	/usr/bin/atk6-extract_networks6	/usr/bin/atk6-extract_networks6	thc-ipv6
atk6-fake_advertise6	/usr/bin/atk6-fake_advertise6	/usr/bin/atk6-fake_advertise6	thc-ipv6
atk6-fake_dhcps6	/usr/bin/atk6-fake_dhcps6	/usr/bin/atk6-fake_dhcps6	thc-ipv6
atk6-fake_dns6d	/usr/bin/atk6-fake_dns6d	/usr/bin/atk6-fake_dns6d	thc-ipv6
atk6-fake_dnsupdate6	/usr/bin/atk6-fake_dnsupdate6	/usr/bin/atk6-fake_dnsupdate6	thc-ipv6
atk6-fake_mipv6	/usr/bin/atk6-fake_mipv6	/usr/bin/atk6-fake_mipv6	thc-ipv6
atk6-fake_mld26	/usr/bin/atk6-fake_mld26	/usr/bin/atk6-fake_mld26	thc-ipv6
atk6-fake_mld6	/usr/bin/atk6-fake_mld6	/usr/bin/atk6-fake_mld6	thc-ipv6
atk6-fake_mldrouter6	/usr/bin/atk6-fake_mldrouter6	/usr/bin/atk6-fake_mldrouter6	thc-ipv6
atk6-fake_pim6	/usr/bin/atk6-fake_pim6	/usr/bin/atk6-fake_pim6	thc-ipv6
atk6-fake_router26	/usr/bin/atk6-fake_router26	/usr/bin/atk6-fake_router26	thc-ipv6
atk6-fake_router6	/usr/bin/atk6-fake_router6	/usr/bin/atk6-fake_router6	thc-ipv6
atk6-fake_solicitate6	/usr/bin/atk6-fake_solicitate6	/usr/bin/atk6-fake_solicitate6	thc-ipv6
atk6-firewall6	/usr/bin/atk6-firewall6	/usr/bin/atk6-firewall6	thc-ipv6
atk6-flood_advertise6	/usr/bin/atk6-flood_advertise6	/usr/bin/atk6-flood_advertise6	thc-ipv6
atk6-flood_dhcpc6	/usr/bin/atk6-flood_dhcpc6	/usr/bin/atk6-flood_dhcpc6	thc-ipv6
atk6-flood_mld26	/usr/bin/atk6-flood_mld26	/usr/bin/atk6-flood_mld26	thc-ipv6
atk6-flood_mld6	/usr/bin/atk6-flood_mld6	/usr/bin/atk6-flood_mld6	thc-ipv6
atk6-flood_mldrouter6	/usr/bin/atk6-flood_mldrouter6	/usr/bin/atk6-flood_mldrouter6	thc-ipv6
atk6-flood_redir6	/usr/bin/atk6-flood_redir6	/usr/bin/atk6-flood_redir6	thc-ipv6
atk6-flood_router26	/usr/bin/atk6-flood_router26	/usr/bin/atk6-flood_router26	thc-ipv6
atk6-flood_router6	/usr/bin/atk6-flood_router6	/usr/bin/atk6-flood_router6	thc-ipv6
atk6-flood_rs6	/usr/bin/atk6-flood_rs6	/usr/bin/atk6-flood_rs6	thc-ipv6
atk6-flood_solicitate6	/usr/bin/atk6-flood_solicitate6	/usr/bin/atk6-flood_solicitate6	thc-ipv6
atk6-flood_unreach6	/usr/bin/atk6-flood_unreach6	/usr/bin/atk6-flood_unreach6	thc-ipv6
atk6-four2six	/usr/bin/atk6-four2six	/usr/bin/atk6-four2six	thc-ipv6
atk6-fragmentation6	/usr/bin/atk6-fragmentation6	/usr/bin/atk6-fragmentation6	thc-ipv6
atk6-fragrouter6	/usr/bin/atk6-fragrouter6	/usr/bin/atk6-fragrouter6	thc-ipv6
atk6-fuzz_dhcpc6	/usr/bin/atk6-fuzz_dhcpc6	/usr/bin/atk6-fuzz_dhcpc6	thc-ipv6
atk6-fuzz_dhcps6	/usr/bin/atk6-fuzz_dhcps6	/usr/bin/atk6-fuzz_dhcps6	thc-ipv6
atk6-fuzz_ip6	/usr/bin/atk6-fuzz_ip6	/usr/bin/atk6-fuzz_ip6	thc-ipv6
atk6-implementation6	/usr/bin/atk6-implementation6	/usr/bin/atk6-implementation6	thc-ipv6
atk6-implementation6d	/usr/bin/atk6-implementation6d	/usr/bin/atk6-implementation6d	thc-ipv6
atk6-inject_alive6	/usr/bin/atk6-inject_alive6	/usr/bin/atk6-inject_alive6	thc-ipv6
atk6-inverse_lookup6	/usr/bin/atk6-inverse_lookup6	/usr/bin/atk6-inverse_lookup6	thc-ipv6
atk6-kill_router6	/usr/bin/atk6-kill_router6	/usr/bin/atk6-kill_router6	thc-ipv6
atk6-ndpexhaust26	/usr/bin/atk6-ndpexhaust26	/usr/bin/atk6-ndpexhaust26	thc-ipv6
atk6-ndpexhaust6	/usr/bin/atk6-ndpexhaust6	/usr/bin/atk6-ndpexhaust6	thc-ipv6
atk6-node_query6	/usr/bin/atk6-node_query6	/usr/bin/atk6-node_query6	thc-ipv6
atk6-parasite6	/usr/bin/atk6-parasite6	/usr/bin/atk6-parasite6	thc-ipv6
atk6-passive_discovery6	/usr/bin/atk6-passive_discovery6	/usr/bin/atk6-passive_discovery6	thc-ipv6
atk6-randicmp6	/usr/bin/atk6-randicmp6	/usr/bin/atk6-randicmp6	thc-ipv6
atk6-redir6	/usr/bin/atk6-redir6	/usr/bin/atk6-redir6	thc-ipv6
atk6-redirsniff6	/usr/bin/atk6-redirsniff6	/usr/bin/atk6-redirsniff6	thc-ipv6
atk6-rsmurf6	/usr/bin/atk6-rsmurf6	/usr/bin/atk6-rsmurf6	thc-ipv6
atk6-sendpees6	/usr/bin/atk6-sendpees6	/usr/bin/atk6-sendpees6	thc-ipv6
atk6-sendpeesmp6	/usr/bin/atk6-sendpeesmp6	/usr/bin/atk6-sendpeesmp6	thc-ipv6
atk6-smurf6	/usr/bin/atk6-smurf6	/usr/bin/atk6-smurf6	thc-ipv6
atk6-thcping6	/usr/bin/atk6-thcping6	/usr/bin/atk6-thcping6	thc-ipv6
atk6-thcsyn6	/usr/bin/atk6-thcsyn6	/usr/bin/atk6-thcsyn6	thc-ipv6
atk6-toobig6	/usr/bin/atk6-toobig6	/usr/bin/atk6-toobig6	thc-ipv6
atk6-toobigsniff6	/usr/bin/atk6-toobigsniff6	/usr/bin/atk6-toobigsniff6	thc-ipv6
atk6-trace6	/usr/bin/atk6-trace6	/usr/bin/atk6-trace6	thc-ipv6
atmail2john	/usr/bin/atmail2john	/usr/share/john/atmail2john.pl	john-data
autoexpect	/usr/bin/autoexpect	/usr/bin/expect_autoexpect	expect
automat-visualize3	/usr/bin/automat-visualize3	/usr/bin/automat-visualize3	python3-automat
autopasswd	/usr/bin/autopasswd	/usr/bin/expect_autopasswd	expect
awinreg	/usr/bin/awinreg	/usr/bin/awinreg	python3-aiowinreg
awk	/usr/bin/awk	/usr/bin/gawk	gawk
axcrypt2john	/usr/bin/axcrypt2john	/usr/share/john/axcrypt2john.py	john-data
axel	/usr/bin/axel	/usr/bin/axel	axel
b2sum	/usr/bin/b2sum	/usr/bin/b2sum	coreutils
base32	/usr/bin/base32	/usr/bin/base32	coreutils
base64	/usr/bin/base64	/usr/bin/base64	coreutils
basename	/usr/bin/basename	/usr/bin/basename	coreutils
basenc	/usr/bin/basenc	/usr/bin/basenc	coreutils
bash	/usr/bin/bash	/usr/bin/bash	bash
bashbug	/usr/bin/bashbug	/usr/bin/bashbug	bash
besside-ng-crawler	/usr/bin/besside-ng-crawler	/usr/bin/besside-ng-crawler	aircrack-ng
bestcrypt2john	/usr/bin/bestcrypt2john	/usr/share/john/bestcrypt2john.py	john-data
binwalk	/usr/bin/binwalk	/usr/bin/binwalk	binwalk
binwalk3	/usr/bin/binwalk3	/usr/bin/binwalk3	binwalk3
bitcoin2john	/usr/bin/bitcoin2john	/usr/share/john/bitcoin2john.py	john-data
bitshares2john	/usr/bin/bitshares2john	/usr/share/john/bitshares2john.py	john-data
bitwarden2john	/usr/bin/bitwarden2john	/usr/share/john/bitwarden2john.py	john-data
bks2john	/usr/bin/bks2john	/usr/share/john/bks2john.py	john-data
blkcalc	/usr/bin/blkcalc	/usr/bin/blkcalc	sleuthkit
blkcat	/usr/bin/blkcat	/usr/bin/blkcat	sleuthkit
blkls	/usr/bin/blkls	/usr/bin/blkls	sleuthkit
blkstat	/usr/bin/blkstat	/usr/bin/blkstat	sleuthkit
blockchain2john	/usr/bin/blockchain2john	/usr/share/john/blockchain2john.py	john-data
bloodhound-python	/usr/bin/bloodhound-python	/usr/bin/bloodhound-python	bloodhound.py
bluemoon	/usr/bin/bluemoon	/usr/bin/bluemoon	bluez
bluetoothctl	/usr/bin/bluetoothctl	/usr/bin/bluetoothctl	bluez
btattach	/usr/bin/btattach	/usr/bin/btattach	bluez
btmgmt	/usr/bin/btmgmt	/usr/bin/btmgmt	bluez
btmon	/usr/bin/btmon	/usr/bin/btmon	bluez
buddy-ng	/usr/bin/buddy-ng	/usr/bin/buddy-ng	aircrack-ng
bulk_extractor	/usr/bin/bulk_extractor	/usr/bin/bulk_extractor	bulk-extractor
bully	/usr/bin/bully	/usr/bin/bully	bully
bundle	/usr/bin/bundle	/usr/bin/bundle	ruby-bundler
bundle3.3	/usr/bin/bundle3.3	/usr/bin/bundle3.3	ruby3.3
bundler	/usr/bin/bundler	/usr/bin/bundler	ruby-bundler
bundler3.3	/usr/bin/bundler3.3	/usr/bin/bundler3.3	ruby3.3
bunzip2	/usr/bin/bunzip2	/usr/bin/bzip2	bzip2
burpsuite	/usr/bin/burpsuite	/usr/bin/burpsuite	burpsuite
busctl	/usr/bin/busctl	/usr/bin/busctl	systemd
busybox	/usr/bin/busybox	/usr/bin/busybox	busybox
bwrap	/usr/bin/bwrap	/usr/bin/bwrap	bubblewrap
bzcat	/usr/bin/bzcat	/usr/bin/bzip2	bzip2
bzcmp	/usr/bin/bzcmp	/usr/bin/bzdiff	bzip2
bzdiff	/usr/bin/bzdiff	/usr/bin/bzdiff	bzip2
bzegrep	/usr/bin/bzegrep	/usr/bin/bzgrep	bzip2
bzexe	/usr/bin/bzexe	/usr/bin/bzexe	bzip2
bzfgrep	/usr/bin/bzfgrep	/usr/bin/bzgrep	bzip2
bzgrep	/usr/bin/bzgrep	/usr/bin/bzgrep	bzip2
bzip2	/usr/bin/bzip2	/usr/bin/bzip2	bzip2
bzip2recover	/usr/bin/bzip2recover	/usr/bin/bzip2recover	bzip2
bzless	/usr/bin/bzless	/usr/bin/bzmore	bzip2
bzmore	/usr/bin/bzmore	/usr/bin/bzmore	bzip2
c++	/usr/bin/c++	/usr/lib/llvm-21/bin/clang	unowned
c++filt	/usr/bin/c++filt	/usr/bin/x86_64-linux-gnu-c++filt	binutils
c89	/usr/bin/c89	/usr/lib/llvm-21/bin/clang	unowned
c99	/usr/bin/c99	/usr/lib/llvm-21/bin/clang	unowned
cadaver	/usr/bin/cadaver	/usr/bin/cadaver	cadaver
capinfos	/usr/bin/capinfos	/usr/bin/capinfos	wireshark-common
captoinfo	/usr/bin/captoinfo	/usr/bin/tic	ncurses-bin
captype	/usr/bin/captype	/usr/bin/captype	wireshark-common
cat	/usr/bin/cat	/usr/bin/cat	coreutils
cc	/usr/bin/cc	/usr/lib/llvm-21/bin/clang	unowned
ccache2john	/usr/bin/ccache2john	/usr/share/john/ccache2john.py	john-data
censys	/usr/bin/censys	/usr/bin/censys	python3-censys
certipy-ad	/usr/bin/certipy-ad	/usr/bin/certipy-ad	certipy-ad
cewl	/usr/bin/cewl	/usr/bin/cewl	cewl
cffi-gen-src	/usr/bin/cffi-gen-src	/usr/bin/cffi-gen-src	python3-cffi
cftp3	/usr/bin/cftp3	/usr/bin/cftp3	python3-twisted
chage	/usr/bin/chage	/usr/bin/chage	passwd
chardet	/usr/bin/chardet	/usr/bin/chardetect	python3-chardet
chardetect	/usr/bin/chardetect	/usr/bin/chardetect	python3-chardet
chcon	/usr/bin/chcon	/usr/bin/chcon	coreutils
checkgid	/usr/bin/checkgid	/usr/bin/checkgid	apache2-utils
cheroot	/usr/bin/cheroot	/usr/bin/cheroot	python3-cheroot
cherryd3	/usr/bin/cherryd3	/usr/bin/cherryd3	python3-cherrypy3
chfn	/usr/bin/chfn	/usr/bin/chfn	passwd
chgrp	/usr/bin/chgrp	/usr/bin/chgrp	coreutils
chmod	/usr/bin/chmod	/usr/bin/chmod	coreutils
choom	/usr/bin/choom	/usr/bin/choom	util-linux
chown	/usr/bin/chown	/usr/bin/chown	coreutils
chromeos-tpm-recovery	/usr/bin/chromeos-tpm-recovery	/usr/bin/chromeos-tpm-recovery	vboot-utils
chromium	/usr/bin/chromium	/usr/bin/chromium	chromium
chrt	/usr/bin/chrt	/usr/bin/chrt	util-linux
chsh	/usr/bin/chsh	/usr/bin/chsh	passwd
cifscreds	/usr/bin/cifscreds	/usr/bin/cifscreds	cifs-utils
cifsdd	/usr/bin/cifsdd	/usr/bin/cifsdd	smbclient
ciptool	/usr/bin/ciptool	/usr/bin/ciptool	bluez
cisco-decrypt	/usr/bin/cisco-decrypt	/usr/bin/cisco-decrypt	vpnc
cisco2john	/usr/bin/cisco2john	/usr/share/john/cisco2john.pl	john-data
citrix	/usr/bin/citrix	/usr/bin/citrix	spike
cjpeg	/usr/bin/cjpeg	/usr/bin/cjpeg	libjpeg-turbo-progs
ckeygen3	/usr/bin/ckeygen3	/usr/bin/ckeygen3	python3-twisted
cksum	/usr/bin/cksum	/usr/bin/cksum	coreutils
clang	/usr/bin/clang	/usr/lib/llvm-21/bin/clang	clang
clang++	/usr/bin/clang++	/usr/lib/llvm-21/bin/clang	clang
clang++-21	/usr/bin/clang++-21	/usr/lib/llvm-21/bin/clang	clang-21
clang-21	/usr/bin/clang-21	/usr/lib/llvm-21/bin/clang	clang-21
clang-cl	/usr/bin/clang-cl	/usr/lib/llvm-21/bin/clang	clang
clang-cl-21	/usr/bin/clang-cl-21	/usr/lib/llvm-21/bin/clang	clang-21
clang-cpp	/usr/bin/clang-cpp	/usr/lib/llvm-21/bin/clang	clang
clang-cpp-21	/usr/bin/clang-cpp-21	/usr/lib/llvm-21/bin/clang	clang-21
clang-scan-deps	/usr/bin/clang-scan-deps	/usr/lib/llvm-21/bin/clang-scan-deps	clang
clang-scan-deps-21	/usr/bin/clang-scan-deps-21	/usr/lib/llvm-21/bin/clang-scan-deps	clang-21
clear	/usr/bin/clear	/usr/bin/clear	ncurses-bin
clear_console	/usr/bin/clear_console	/usr/bin/clear_console	bash
closed_source_web_server_fuzz	/usr/bin/closed_source_web_server_fuzz	/usr/bin/closed_source_web_server_fuzz	spike
clusterdb	/usr/bin/clusterdb	/usr/share/postgresql-common/pg_wrapper	postgresql-client-common
cmp	/usr/bin/cmp	/usr/bin/cmp	diffutils
comm	/usr/bin/comm	/usr/bin/comm	coreutils
commix	/usr/bin/commix	/usr/bin/commix	commix
compile_et	/usr/bin/compile_et	/usr/bin/compile_et	comerr-dev:amd64
conch3	/usr/bin/conch3	/usr/bin/conch3	python3-twisted
corelist	/usr/bin/corelist	/usr/bin/corelist	perl
cp	/usr/bin/cp	/usr/bin/cp	coreutils
cpan	/usr/bin/cpan	/usr/bin/cpan	perl
cpan5.42-x86_64-linux-gnu	/usr/bin/cpan5.42-x86_64-linux-gnu	/usr/bin/cpan5.42-x86_64-linux-gnu	libperl5.42:amd64
cracf2john	/usr/bin/cracf2john	/usr/share/john/cracf2john.py	john-data
createdb	/usr/bin/createdb	/usr/share/postgresql-common/pg_wrapper	postgresql-client-common
createlang	/usr/bin/createlang	/usr/share/postgresql-common/pg_wrapper	postgresql-client-common
createuser	/usr/bin/createuser	/usr/share/postgresql-common/pg_wrapper	postgresql-client-common
creddump7	/usr/bin/creddump7	/usr/bin/creddump7	creddump7
crossystem	/usr/bin/crossystem	/usr/bin/crossystem	vboot-utils
crunch	/usr/bin/crunch	/usr/bin/crunch	crunch
cryptcat	/usr/bin/cryptcat	/usr/bin/cryptcat	cryptcat
cryptdir	/usr/bin/cryptdir	/usr/bin/expect_cryptdir	expect
csplit	/usr/bin/csplit	/usr/bin/csplit	coreutils
ctstat	/usr/bin/ctstat	/usr/bin/lnstat	iproute2
curl	/usr/bin/curl	/usr/bin/curl	curl
cut	/usr/bin/cut	/usr/bin/cut	coreutils
cvtsudoers	/usr/bin/cvtsudoers	/usr/bin/cvtsudoers	sudo
dash	/usr/bin/dash	/usr/bin/dash	dash
dashlane2john	/usr/bin/dashlane2john	/usr/share/john/dashlane2john.py	john-data
date	/usr/bin/date	/usr/bin/date	coreutils
dave	/usr/bin/dave	/usr/bin/dave	libhttp-dav-perl
davtest	/usr/bin/davtest	/usr/bin/davtest	davtest
dbd	/usr/bin/dbd	/usr/bin/dbd	dbd
dbilogstrip	/usr/bin/dbilogstrip	/usr/bin/dbilogstrip	libdbi-perl:amd64
dbiprof	/usr/bin/dbiprof	/usr/bin/dbiprof	libdbi-perl:amd64
dbiproxy	/usr/bin/dbiproxy	/usr/bin/dbiproxy	libdbi-perl:amd64
dbus-cleanup-sockets	/usr/bin/dbus-cleanup-sockets	/usr/bin/dbus-cleanup-sockets	dbus-bin
dbus-daemon	/usr/bin/dbus-daemon	/usr/bin/dbus-daemon	dbus-daemon
dbus-monitor	/usr/bin/dbus-monitor	/usr/bin/dbus-monitor	dbus-bin
dbus-run-session	/usr/bin/dbus-run-session	/usr/bin/dbus-run-session	dbus-daemon
dbus-send	/usr/bin/dbus-send	/usr/bin/dbus-send	dbus-bin
dbus-update-activation-environment	/usr/bin/dbus-update-activation-environment	/usr/bin/dbus-update-activation-environment	dbus-bin
dbus-uuidgen	/usr/bin/dbus-uuidgen	/usr/bin/dbus-uuidgen	dbus-bin
dbwrap_tool	/usr/bin/dbwrap_tool	/usr/bin/dbwrap_tool	samba-common-bin
dccleancrw	/usr/bin/dccleancrw	/usr/bin/dccleancrw	dcraw
dceoversmb	/usr/bin/dceoversmb	/usr/bin/dceoversmb	spike
dcfujigreen	/usr/bin/dcfujigreen	/usr/bin/dcfujigreen	dcraw
dcfujiturn	/usr/bin/dcfujiturn	/usr/bin/dcfujiturn	dcraw
dcfujiturn16	/usr/bin/dcfujiturn16	/usr/bin/dcfujiturn16	dcraw
dcparse	/usr/bin/dcparse	/usr/bin/dcparse	dcraw
dcrack	/usr/bin/dcrack	/usr/bin/dcrack	aircrack-ng
dcraw	/usr/bin/dcraw	/usr/bin/dcraw	dcraw
dd	/usr/bin/dd	/usr/bin/dd	coreutils
ddcmon	/usr/bin/ddcmon	/usr/bin/ddcmon	i2c-tools
deb-systemd-helper	/usr/bin/deb-systemd-helper	/usr/bin/deb-systemd-helper	init-system-helpers
deb-systemd-invoke	/usr/bin/deb-systemd-invoke	/usr/bin/deb-systemd-invoke	init-system-helpers
debconf	/usr/bin/debconf	/usr/bin/debconf	debconf
debconf-apt-progress	/usr/bin/debconf-apt-progress	/usr/bin/debconf-apt-progress	debconf
debconf-communicate	/usr/bin/debconf-communicate	/usr/bin/debconf-communicate	debconf
debconf-copydb	/usr/bin/debconf-copydb	/usr/bin/debconf-copydb	debconf
debconf-escape	/usr/bin/debconf-escape	/usr/bin/debconf-escape	debconf
debconf-set-selections	/usr/bin/debconf-set-selections	/usr/bin/debconf-set-selections	debconf
debconf-show	/usr/bin/debconf-show	/usr/bin/debconf-show	debconf
decode-dimms	/usr/bin/decode-dimms	/usr/bin/decode-dimms	i2c-tools
decode-edid	/usr/bin/decode-edid	/usr/bin/decode-edid	i2c-tools
decode-vaio	/usr/bin/decode-vaio	/usr/bin/decode-vaio	i2c-tools
decryptdir	/usr/bin/decryptdir	/usr/bin/expect_decryptdir	expect
deepsound2john	/usr/bin/deepsound2john	/usr/share/john/deepsound2john.py	john-data
delv	/usr/bin/delv	/usr/bin/delv	bind9-dnsutils
dev_debug_vboot	/usr/bin/dev_debug_vboot	/usr/bin/dev_debug_vboot	vboot-utils
df	/usr/bin/df	/usr/bin/df	coreutils
dh_numpy3	/usr/bin/dh_numpy3	/usr/bin/dh_numpy3	python3-numpy-dev:amd64
dh_perl_dbi	/usr/bin/dh_perl_dbi	/usr/bin/dh_perl_dbi	libdbi-perl:amd64
dh_perl_openssl	/usr/bin/dh_perl_openssl	/usr/bin/dh_perl_openssl	perl-openssl-defaults:amd64
dh_python3-ply	/usr/bin/dh_python3-ply	/usr/bin/dh_python3-ply	python3-ply
diff	/usr/bin/diff	/usr/bin/diff	diffutils
diff3	/usr/bin/diff3	/usr/bin/diff3	diffutils
dig	/usr/bin/dig	/usr/bin/dig	bind9-dnsutils
dir	/usr/bin/dir	/usr/bin/dir	coreutils
dirb	/usr/bin/dirb	/usr/bin/dirb	dirb
dirb-gendict	/usr/bin/dirb-gendict	/usr/bin/dirb-gendict	dirb
dircolors	/usr/bin/dircolors	/usr/bin/dircolors	coreutils
dirname	/usr/bin/dirname	/usr/bin/dirname	coreutils
diskcryptor2john	/usr/bin/diskcryptor2john	/usr/share/john/diskcryptor2john.py	john-data
dislocate	/usr/bin/dislocate	/usr/bin/expect_dislocate	expect
djpeg	/usr/bin/djpeg	/usr/bin/djpeg	libjpeg-turbo-progs
dltest	/usr/bin/dltest	/usr/bin/dltest	spike
dmesg	/usr/bin/dmesg	/usr/bin/dmesg	util-linux
dmg2john	/usr/bin/dmg2john	/usr/share/john/dmg2john.py	john-data
dmitry	/usr/bin/dmitry	/usr/bin/dmitry	dmitry
dns-rebind	/usr/bin/dns-rebind	/usr/bin/dns-rebind	rebind
dns2tcpc	/usr/bin/dns2tcpc	/usr/bin/dns2tcpc	dns2tcp
dns2tcpd	/usr/bin/dns2tcpd	/usr/bin/dns2tcpd	dns2tcp
dnschef	/usr/bin/dnschef	/usr/bin/dnschef	dnschef
dnsdomainname	/usr/bin/dnsdomainname	/usr/bin/hostname	hostname
dnsenum	/usr/bin/dnsenum	/usr/bin/dnsenum	dnsenum
dnsrecon	/usr/bin/dnsrecon	/usr/share/dnsrecon/dnsrecon.py	dnsrecon
dnsspoof	/usr/bin/dnsspoof	/usr/bin/dnsspoof	dsniff
dnstap-read	/usr/bin/dnstap-read	/usr/bin/dnstap-read	bind9-dnsutils
do_post	/usr/bin/do_post	/usr/bin/do_post	spike
domainname	/usr/bin/domainname	/usr/bin/hostname	hostname
dos2unix	/usr/bin/dos2unix	/usr/bin/dos2unix	dos2unix
dpkg	/usr/bin/dpkg	/usr/bin/dpkg	dpkg
dpkg-deb	/usr/bin/dpkg-deb	/usr/bin/dpkg-deb	dpkg
dpkg-divert	/usr/bin/dpkg-divert	/usr/bin/dpkg-divert	dpkg
dpkg-maintscript-helper	/usr/bin/dpkg-maintscript-helper	/usr/bin/dpkg-maintscript-helper	dpkg
dpkg-query	/usr/bin/dpkg-query	/usr/bin/dpkg-query	dpkg
dpkg-realpath	/usr/bin/dpkg-realpath	/usr/bin/dpkg-realpath	dpkg
dpkg-split	/usr/bin/dpkg-split	/usr/bin/dpkg-split	dpkg
dpkg-statoverride	/usr/bin/dpkg-statoverride	/usr/bin/dpkg-statoverride	dpkg
dpkg-trigger	/usr/bin/dpkg-trigger	/usr/bin/dpkg-trigger	dpkg
dpl4hydra	/usr/bin/dpl4hydra	/usr/bin/dpl4hydra	hydra
dploot	/usr/bin/dploot	/usr/bin/dploot	python3-dploot
dropdb	/usr/bin/dropdb	/usr/share/postgresql-common/pg_wrapper	postgresql-client-common
droplang	/usr/bin/droplang	/usr/share/postgresql-common/pg_wrapper	postgresql-client-common
dropuser	/usr/bin/dropuser	/usr/share/postgresql-common/pg_wrapper	postgresql-client-common
dsniff	/usr/bin/dsniff	/usr/bin/dsniff	dsniff
du	/usr/bin/du	/usr/bin/du	coreutils
dumpRSAPublicKey	/usr/bin/dumpRSAPublicKey	/usr/bin/dumpRSAPublicKey	vboot-utils
dump_fmap	/usr/bin/dump_fmap	/usr/bin/futility	vboot-utils
dump_kernel_config	/usr/bin/dump_kernel_config	/usr/bin/futility	vboot-utils
dumpcap	/usr/bin/dumpcap	/usr/bin/dumpcap	wireshark-common
dunamai	/usr/bin/dunamai	/usr/bin/dunamai	python3-dunamai
dupemap	/usr/bin/dupemap	/usr/bin/dupemap	magicrescue
echo	/usr/bin/echo	/usr/bin/echo	coreutils
ecryptfs2john	/usr/bin/ecryptfs2john	/usr/share/john/ecryptfs2john.py	john-data
editcap	/usr/bin/editcap	/usr/bin/editcap	wireshark-common
editor	/usr/bin/editor	/usr/bin/vim.basic	vim
editres	/usr/bin/editres	/usr/bin/editres	x11-utils
egrep	/usr/bin/egrep	/usr/bin/egrep	grep
ejabberd2john	/usr/bin/ejabberd2john	/usr/share/john/ejabberd2john.py	john-data
electrum2john	/usr/bin/electrum2john	/usr/share/john/electrum2john.py	john-data
elfedit	/usr/bin/elfedit	/usr/bin/x86_64-linux-gnu-elfedit	binutils
enable_dev_usb_boot	/usr/bin/enable_dev_usb_boot	/usr/bin/enable_dev_usb_boot	vboot-utils
enc2xs	/usr/bin/enc2xs	/usr/bin/enc2xs	perl
encfs2john	/usr/bin/encfs2john	/usr/share/john/encfs2john.py	john-data
encguess	/usr/bin/encguess	/usr/bin/encguess	perl
encode_keychange	/usr/bin/encode_keychange	/usr/bin/encode_keychange	snmp
enpass2john	/usr/bin/enpass2john	/usr/share/john/enpass2john.py	john-data
enpass5tojohn	/usr/bin/enpass5tojohn	/usr/share/john/enpass5tojohn.py	john-data
enum4linux	/usr/bin/enum4linux	/usr/bin/enum4linux	enum4linux
env	/usr/bin/env	/usr/bin/env	coreutils
erb	/usr/bin/erb	/usr/bin/erb3.3	ruby
erb3.3	/usr/bin/erb3.3	/usr/bin/erb3.3	ruby3.3
ethereum2john	/usr/bin/ethereum2john	/usr/share/john/ethereum2john.py	john-data
evil-winrm	/usr/bin/evil-winrm	/usr/bin/evil-winrm	evil-winrm
ex	/usr/bin/ex	/usr/bin/vim.basic	vim
exe2hex	/usr/bin/exe2hex	/usr/bin/exe2hex	exe2hexbat
exifautotran	/usr/bin/exifautotran	/usr/bin/exifautotran	libjpeg-turbo-progs
exiftool	/usr/bin/exiftool	/usr/bin/exiftool	libimage-exiftool-perl
exiv2	/usr/bin/exiv2	/usr/bin/exiv2	exiv2
expand	/usr/bin/expand	/usr/bin/expand	coreutils
expect	/usr/bin/expect	/usr/bin/expect8.6	expect
expect8.6	/usr/bin/expect8.6	/usr/bin/expect8.6	expect
expect9.0	/usr/bin/expect9.0	/usr/bin/expect9.0	expect
expect_autoexpect	/usr/bin/expect_autoexpect	/usr/bin/expect_autoexpect	expect
expect_autopasswd	/usr/bin/expect_autopasswd	/usr/bin/expect_autopasswd	expect
expect_cryptdir	/usr/bin/expect_cryptdir	/usr/bin/expect_cryptdir	expect
expect_decryptdir	/usr/bin/expect_decryptdir	/usr/bin/expect_decryptdir	expect
expect_dislocate	/usr/bin/expect_dislocate	/usr/bin/expect_dislocate	expect
expect_kibitz	/usr/bin/expect_kibitz	/usr/bin/expect_kibitz	expect
expect_lpunlock	/usr/bin/expect_lpunlock	/usr/bin/expect_lpunlock	expect
expect_mkpasswd	/usr/bin/expect_mkpasswd	/usr/bin/expect_mkpasswd	expect
expect_multixterm	/usr/bin/expect_multixterm	/usr/bin/expect_multixterm	expect
expect_passmass	/usr/bin/expect_passmass	/usr/bin/expect_passmass	expect
expect_rftp	/usr/bin/expect_rftp	/usr/bin/expect_rftp	expect
expect_rlogin-cwd	/usr/bin/expect_rlogin-cwd	/usr/bin/expect_rlogin-cwd	expect
expect_timed-read	/usr/bin/expect_timed-read	/usr/bin/expect_timed-read	expect
expect_timed-run	/usr/bin/expect_timed-run	/usr/bin/expect_timed-run	expect
expect_tknewsbiff	/usr/bin/expect_tknewsbiff	/usr/bin/expect_tknewsbiff	expect
expect_tkpasswd	/usr/bin/expect_tkpasswd	/usr/bin/expect_tkpasswd	expect
expect_unbuffer	/usr/bin/expect_unbuffer	/usr/bin/expect_unbuffer	expect
expect_weather	/usr/bin/expect_weather	/usr/bin/expect_weather	expect
expect_xkibitz	/usr/bin/expect_xkibitz	/usr/bin/expect_xkibitz	expect
expect_xpstat	/usr/bin/expect_xpstat	/usr/bin/expect_xpstat	expect
expiry	/usr/bin/expiry	/usr/bin/expiry	passwd
exploitdb	/usr/bin/exploitdb	/usr/bin/exploitdb	exploitdb
expr	/usr/bin/expr	/usr/bin/expr	coreutils
f2py	/usr/bin/f2py	/usr/bin/f2py	python3-numpy
f2py3	/usr/bin/f2py3	/usr/bin/f2py3	python3-numpy
f2py3.14	/usr/bin/f2py3.14	/usr/bin/f2py3.14	python3-numpy
fab-cewl	/usr/bin/fab-cewl	/usr/bin/fab-cewl	cewl
factor	/usr/bin/factor	/usr/bin/factor	coreutils
fallocate	/usr/bin/fallocate	/usr/bin/fallocate	util-linux
false	/usr/bin/false	/usr/bin/false	coreutils
fastapi	/usr/bin/fastapi	/usr/bin/fastapi	python3-fastapi
fc-cache	/usr/bin/fc-cache	/usr/bin/fc-cache	fontconfig
fc-cat	/usr/bin/fc-cat	/usr/bin/fc-cat	fontconfig
fc-conflist	/usr/bin/fc-conflist	/usr/bin/fc-conflist	fontconfig
fc-list	/usr/bin/fc-list	/usr/bin/fc-list	fontconfig
fc-match	/usr/bin/fc-match	/usr/bin/fc-match	fontconfig
fc-pattern	/usr/bin/fc-pattern	/usr/bin/fc-pattern	fontconfig
fc-query	/usr/bin/fc-query	/usr/bin/fc-query	fontconfig
fc-scan	/usr/bin/fc-scan	/usr/bin/fc-scan	fontconfig
fc-validate	/usr/bin/fc-validate	/usr/bin/fc-validate	fontconfig
fcat	/usr/bin/fcat	/usr/bin/fcat	sleuthkit
fcgistarter	/usr/bin/fcgistarter	/usr/bin/fcgistarter	apache2-utils
ffind	/usr/bin/ffind	/usr/bin/ffind	sleuthkit
ffuf	/usr/bin/ffuf	/usr/bin/ffuf	ffuf
fgrep	/usr/bin/fgrep	/usr/bin/fgrep	grep
fidentify	/usr/bin/fidentify	/usr/bin/fidentify	testdisk
fierce	/usr/bin/fierce	/usr/bin/fierce	fierce
filan	/usr/bin/filan	/usr/bin/filan	socat
file	/usr/bin/file	/usr/bin/file	file
filesnarf	/usr/bin/filesnarf	/usr/bin/filesnarf	dsniff
filezilla2john	/usr/bin/filezilla2john	/usr/share/john/filezilla2john.py	john-data
find	/usr/bin/find	/usr/bin/find	findutils
findmnt	/usr/bin/findmnt	/usr/bin/findmnt	util-linux
fiwalk	/usr/bin/fiwalk	/usr/bin/fiwalk	sleuthkit
fixproc	/usr/bin/fixproc	/usr/bin/fixproc	snmp
flac	/usr/bin/flac	/usr/bin/flac	flac
flask	/usr/bin/flask	/usr/bin/flask	python3-flask
flock	/usr/bin/flock	/usr/bin/flock	util-linux
fls	/usr/bin/fls	/usr/bin/fls	sleuthkit
fmt	/usr/bin/fmt	/usr/bin/fmt	coreutils
fold	/usr/bin/fold	/usr/bin/fold	coreutils
fping	/usr/bin/fping	/usr/bin/fping	fping
fping6	/usr/bin/fping6	/usr/bin/fping	fping
free	/usr/bin/free	/usr/bin/free	procps
fsstat	/usr/bin/fsstat	/usr/bin/fsstat	sleuthkit
ftp	/usr/bin/ftp	/usr/bin/tnftp	tnftp
funzip	/usr/bin/funzip	/usr/bin/funzip	unzip
fuser	/usr/bin/fuser	/usr/bin/fuser	psmisc
fusermount	/usr/bin/fusermount	/usr/bin/fusermount3	fuse3
fusermount3	/usr/bin/fusermount3	/usr/bin/fusermount3	fuse3
futility	/usr/bin/futility	/usr/bin/futility	vboot-kernel-utils
galera_new_cluster	/usr/bin/galera_new_cluster	/usr/bin/galera_new_cluster	mariadb-server
galera_recovery	/usr/bin/galera_recovery	/usr/bin/galera_recovery	mariadb-server
gatttool	/usr/bin/gatttool	/usr/bin/gatttool	bluez
gawk	/usr/bin/gawk	/usr/bin/gawk	gawk
gawkbug	/usr/bin/gawkbug	/usr/bin/gawkbug	gawk
gbb_utility	/usr/bin/gbb_utility	/usr/bin/futility	vboot-utils
geli2john	/usr/bin/geli2john	/usr/share/john/geli2john.py	john-data
gem	/usr/bin/gem	/usr/bin/gem	ruby-rubygems
gem3.3	/usr/bin/gem3.3	/usr/bin/gem3.3	ruby3.3
gencat	/usr/bin/gencat	/usr/bin/gencat	libc-dev-bin
generic_chunked	/usr/bin/generic_chunked	/usr/bin/generic_chunked	spike
generic_listen_tcp	/usr/bin/generic_listen_tcp	/usr/bin/generic_listen_tcp	spike
generic_send_tcp	/usr/bin/generic_send_tcp	/usr/bin/generic_send_tcp	spike
generic_send_udp	/usr/bin/generic_send_udp	/usr/bin/generic_send_udp	spike
generic_web_server_fuzz	/usr/bin/generic_web_server_fuzz	/usr/bin/generic_web_server_fuzz	spike
generic_web_server_fuzz2	/usr/bin/generic_web_server_fuzz2	/usr/bin/generic_web_server_fuzz2	spike
getcifsacl	/usr/bin/getcifsacl	/usr/bin/getcifsacl	cifs-utils
getconf	/usr/bin/getconf	/usr/bin/getconf	libc-bin
getent	/usr/bin/getent	/usr/bin/getent	libc-bin
getopt	/usr/bin/getopt	/usr/bin/getopt	util-linux
git	/usr/bin/git	/usr/bin/git	git
git-receive-pack	/usr/bin/git-receive-pack	/usr/bin/git	git
git-shell	/usr/bin/git-shell	/usr/bin/git-shell	git
git-upload-archive	/usr/bin/git-upload-archive	/usr/bin/git	git
git-upload-pack	/usr/bin/git-upload-pack	/usr/bin/git	git
glycin-thumbnailer	/usr/bin/glycin-thumbnailer	/usr/bin/glycin-thumbnailer	glycin-thumbnailers
gnome-www-browser	/usr/bin/gnome-www-browser	/usr/bin/chromium	chromium
gobuster	/usr/bin/gobuster	/usr/bin/gobuster	gobuster
gopherd	/usr/bin/gopherd	/usr/bin/gopherd	spike
gp-archive	/usr/bin/gp-archive	/usr/bin/gprofng-archive	binutils
gp-collect-app	/usr/bin/gp-collect-app	/usr/bin/gprofng-collect-app	binutils
gp-display-html	/usr/bin/gp-display-html	/usr/bin/gprofng-display-html	binutils
gp-display-src	/usr/bin/gp-display-src	/usr/bin/gprofng-display-src	binutils
gp-display-text	/usr/bin/gp-display-text	/usr/bin/gprofng-display-text	binutils
gpasswd	/usr/bin/gpasswd	/usr/bin/gpasswd	passwd
gpp-decrypt	/usr/bin/gpp-decrypt	/usr/bin/gpp-decrypt	gpp-decrypt
gprof	/usr/bin/gprof	/usr/bin/x86_64-linux-gnu-gprof	binutils
gprofng	/usr/bin/gprofng	/usr/bin/gprofng	binutils
gprofng-archive	/usr/bin/gprofng-archive	/usr/bin/gprofng-archive	binutils
gprofng-collect-app	/usr/bin/gprofng-collect-app	/usr/bin/gprofng-collect-app	binutils
gprofng-display-html	/usr/bin/gprofng-display-html	/usr/bin/gprofng-display-html	binutils
gprofng-display-src	/usr/bin/gprofng-display-src	/usr/bin/gprofng-display-src	binutils
gprofng-display-text	/usr/bin/gprofng-display-text	/usr/bin/gprofng-display-text	binutils
gprofng-gmon	/usr/bin/gprofng-gmon	/usr/bin/gprofng-gmon	binutils
grep	/usr/bin/grep	/usr/bin/grep	grep
groups	/usr/bin/groups	/usr/bin/groups	coreutils
gtk-update-icon-cache	/usr/bin/gtk-update-icon-cache	/usr/bin/gtk4-update-icon-cache	gtk-update-icon-cache
gtk4-update-icon-cache	/usr/bin/gtk4-update-icon-cache	/usr/bin/gtk4-update-icon-cache	gtk-update-icon-cache
gunzip	/usr/bin/gunzip	/usr/bin/gunzip	gzip
gzexe	/usr/bin/gzexe	/usr/bin/gzexe	gzip
gzip	/usr/bin/gzip	/usr/bin/gzip	gzip
h2ph	/usr/bin/h2ph	/usr/bin/h2ph	perl
h2xs	/usr/bin/h2xs	/usr/bin/h2xs	perl
halflife	/usr/bin/halflife	/usr/bin/halflife	spike
hardlink	/usr/bin/hardlink	/usr/bin/hardlink	util-linux
hash-identifier	/usr/bin/hash-identifier	/usr/bin/hash-identifier	hash-identifier
hashcat	/usr/bin/hashcat	/usr/bin/hashcat	hashcat
hashdeep	/usr/bin/hashdeep	/usr/bin/hashdeep	hashdeep
hashid	/usr/bin/hashid	/usr/bin/hashid	hashid
hccapx2john	/usr/bin/hccapx2john	/usr/share/john/hccapx2john.py	john-data
hciattach	/usr/bin/hciattach	/usr/bin/hciattach	bluez
hciconfig	/usr/bin/hciconfig	/usr/bin/hciconfig	bluez
hcitool	/usr/bin/hcitool	/usr/bin/hcitool	bluez
head	/usr/bin/head	/usr/bin/head	coreutils
helpztags	/usr/bin/helpztags	/usr/bin/helpztags	vim-common
hex2hcd	/usr/bin/hex2hcd	/usr/bin/hex2hcd	bluez
hexeditor	/usr/bin/hexeditor	/usr/bin/hexeditor	ncurses-hexedit
hfind	/usr/bin/hfind	/usr/bin/hfind	sleuthkit
host	/usr/bin/host	/usr/bin/host	bind9-host
hostid	/usr/bin/hostid	/usr/bin/hostid	coreutils
hostname	/usr/bin/hostname	/usr/bin/hostname	hostname
hostnamectl	/usr/bin/hostnamectl	/usr/bin/hostnamectl	systemd
hotpatcher	/usr/bin/hotpatcher	/usr/bin/hotpatcher	hotpatch
htcacheclean	/usr/bin/htcacheclean	/usr/bin/htcacheclean	apache2-utils
htdbm	/usr/bin/htdbm	/usr/bin/htdbm	apache2-utils
htdigest	/usr/bin/htdigest	/usr/bin/htdigest	apache2-utils
htdigest2john	/usr/bin/htdigest2john	/usr/share/john/htdigest2john.py	john-data
html2dic	/usr/bin/html2dic	/usr/bin/html2dic	dirb
htpasswd	/usr/bin/htpasswd	/usr/bin/htpasswd	apache2-utils
httpclient	/usr/bin/httpclient	/usr/bin/httpclient	ruby-httpclient
httpx	/usr/bin/httpx	/usr/bin/httpx	python3-httpx
hugetop	/usr/bin/hugetop	/usr/bin/hugetop	procps
hwloc-annotate	/usr/bin/hwloc-annotate	/usr/bin/hwloc-annotate	hwloc
hwloc-bind	/usr/bin/hwloc-bind	/usr/bin/hwloc-bind	hwloc
hwloc-calc	/usr/bin/hwloc-calc	/usr/bin/hwloc-calc	hwloc
hwloc-compress-dir	/usr/bin/hwloc-compress-dir	/usr/bin/hwloc-compress-dir	hwloc
hwloc-diff	/usr/bin/hwloc-diff	/usr/bin/hwloc-diff	hwloc
hwloc-distrib	/usr/bin/hwloc-distrib	/usr/bin/hwloc-distrib	hwloc
hwloc-gather-cpuid	/usr/bin/hwloc-gather-cpuid	/usr/bin/hwloc-gather-cpuid	hwloc
hwloc-gather-topology	/usr/bin/hwloc-gather-topology	/usr/bin/hwloc-gather-topology	hwloc
hwloc-info	/usr/bin/hwloc-info	/usr/bin/hwloc-info	hwloc
hwloc-ls	/usr/bin/hwloc-ls	/usr/bin/lstopo	hwloc
hwloc-patch	/usr/bin/hwloc-patch	/usr/bin/hwloc-patch	hwloc
hwloc-ps	/usr/bin/hwloc-ps	/usr/bin/hwloc-ps	hwloc
hydra	/usr/bin/hydra	/usr/bin/hydra	hydra
hydra-wizard	/usr/bin/hydra-wizard	/usr/bin/hydra-wizard	hydra
i386	/usr/bin/i386	/usr/bin/setarch	util-linux
i686-w64-mingw32-addr2line	/usr/bin/i686-w64-mingw32-addr2line	/usr/bin/i686-w64-mingw32-addr2line	binutils-mingw-w64-i686
i686-w64-mingw32-ar	/usr/bin/i686-w64-mingw32-ar	/usr/bin/i686-w64-mingw32-ar	binutils-mingw-w64-i686
i686-w64-mingw32-as	/usr/bin/i686-w64-mingw32-as	/usr/bin/i686-w64-mingw32-as	binutils-mingw-w64-i686
i686-w64-mingw32-c++filt	/usr/bin/i686-w64-mingw32-c++filt	/usr/bin/i686-w64-mingw32-c++filt	binutils-mingw-w64-i686
i686-w64-mingw32-cpp	/usr/bin/i686-w64-mingw32-cpp	/usr/bin/i686-w64-mingw32-cpp-win32	gcc-mingw-w64-i686-win32
i686-w64-mingw32-cpp-win32	/usr/bin/i686-w64-mingw32-cpp-win32	/usr/bin/i686-w64-mingw32-cpp-win32	gcc-mingw-w64-i686-win32
i686-w64-mingw32-dlltool	/usr/bin/i686-w64-mingw32-dlltool	/usr/bin/i686-w64-mingw32-dlltool	binutils-mingw-w64-i686
i686-w64-mingw32-dllwrap	/usr/bin/i686-w64-mingw32-dllwrap	/usr/bin/i686-w64-mingw32-dllwrap	binutils-mingw-w64-i686
i686-w64-mingw32-elfedit	/usr/bin/i686-w64-mingw32-elfedit	/usr/bin/i686-w64-mingw32-elfedit	binutils-mingw-w64-i686
i686-w64-mingw32-gcc	/usr/bin/i686-w64-mingw32-gcc	/usr/bin/i686-w64-mingw32-gcc-win32	gcc-mingw-w64-i686-win32
i686-w64-mingw32-gcc-15	/usr/bin/i686-w64-mingw32-gcc-15	/usr/bin/i686-w64-mingw32-gcc-15-win32	gcc-mingw-w64-i686-win32
i686-w64-mingw32-gcc-15-win32	/usr/bin/i686-w64-mingw32-gcc-15-win32	/usr/bin/i686-w64-mingw32-gcc-15-win32	gcc-mingw-w64-i686-win32
i686-w64-mingw32-gcc-ar	/usr/bin/i686-w64-mingw32-gcc-ar	/usr/bin/i686-w64-mingw32-gcc-ar-win32	gcc-mingw-w64-i686-win32
i686-w64-mingw32-gcc-ar-win32	/usr/bin/i686-w64-mingw32-gcc-ar-win32	/usr/bin/i686-w64-mingw32-gcc-ar-win32	gcc-mingw-w64-i686-win32
i686-w64-mingw32-gcc-nm	/usr/bin/i686-w64-mingw32-gcc-nm	/usr/bin/i686-w64-mingw32-gcc-nm-win32	gcc-mingw-w64-i686-win32
i686-w64-mingw32-gcc-nm-win32	/usr/bin/i686-w64-mingw32-gcc-nm-win32	/usr/bin/i686-w64-mingw32-gcc-nm-win32	gcc-mingw-w64-i686-win32
i686-w64-mingw32-gcc-ranlib	/usr/bin/i686-w64-mingw32-gcc-ranlib	/usr/bin/i686-w64-mingw32-gcc-ranlib-win32	gcc-mingw-w64-i686-win32
i686-w64-mingw32-gcc-ranlib-win32	/usr/bin/i686-w64-mingw32-gcc-ranlib-win32	/usr/bin/i686-w64-mingw32-gcc-ranlib-win32	gcc-mingw-w64-i686-win32
i686-w64-mingw32-gcc-win32	/usr/bin/i686-w64-mingw32-gcc-win32	/usr/bin/i686-w64-mingw32-gcc-win32	gcc-mingw-w64-i686-win32
i686-w64-mingw32-gcov	/usr/bin/i686-w64-mingw32-gcov	/usr/bin/i686-w64-mingw32-gcov-win32	gcc-mingw-w64-i686-win32
i686-w64-mingw32-gcov-dump	/usr/bin/i686-w64-mingw32-gcov-dump	/usr/bin/i686-w64-mingw32-gcov-dump-win32	gcc-mingw-w64-i686-win32
i686-w64-mingw32-gcov-dump-win32	/usr/bin/i686-w64-mingw32-gcov-dump-win32	/usr/bin/i686-w64-mingw32-gcov-dump-win32	gcc-mingw-w64-i686-win32
i686-w64-mingw32-gcov-tool	/usr/bin/i686-w64-mingw32-gcov-tool	/usr/bin/i686-w64-mingw32-gcov-tool-win32	gcc-mingw-w64-i686-win32
i686-w64-mingw32-gcov-tool-win32	/usr/bin/i686-w64-mingw32-gcov-tool-win32	/usr/bin/i686-w64-mingw32-gcov-tool-win32	gcc-mingw-w64-i686-win32
i686-w64-mingw32-gcov-win32	/usr/bin/i686-w64-mingw32-gcov-win32	/usr/bin/i686-w64-mingw32-gcov-win32	gcc-mingw-w64-i686-win32
i686-w64-mingw32-gprof	/usr/bin/i686-w64-mingw32-gprof	/usr/bin/i686-w64-mingw32-gprof	binutils-mingw-w64-i686
i686-w64-mingw32-ld	/usr/bin/i686-w64-mingw32-ld	/usr/bin/i686-w64-mingw32-ld.bfd	binutils-mingw-w64-i686
i686-w64-mingw32-ld.bfd	/usr/bin/i686-w64-mingw32-ld.bfd	/usr/bin/i686-w64-mingw32-ld.bfd	binutils-mingw-w64-i686
i686-w64-mingw32-lto-dump-win32	/usr/bin/i686-w64-mingw32-lto-dump-win32	/usr/bin/i686-w64-mingw32-lto-dump-win32	gcc-mingw-w64-i686-win32
i686-w64-mingw32-nm	/usr/bin/i686-w64-mingw32-nm	/usr/bin/i686-w64-mingw32-nm	binutils-mingw-w64-i686
i686-w64-mingw32-objcopy	/usr/bin/i686-w64-mingw32-objcopy	/usr/bin/i686-w64-mingw32-objcopy	binutils-mingw-w64-i686
i686-w64-mingw32-objdump	/usr/bin/i686-w64-mingw32-objdump	/usr/bin/i686-w64-mingw32-objdump	binutils-mingw-w64-i686
i686-w64-mingw32-ranlib	/usr/bin/i686-w64-mingw32-ranlib	/usr/bin/i686-w64-mingw32-ranlib	binutils-mingw-w64-i686
i686-w64-mingw32-readelf	/usr/bin/i686-w64-mingw32-readelf	/usr/bin/i686-w64-mingw32-readelf	binutils-mingw-w64-i686
i686-w64-mingw32-size	/usr/bin/i686-w64-mingw32-size	/usr/bin/i686-w64-mingw32-size	binutils-mingw-w64-i686
i686-w64-mingw32-strings	/usr/bin/i686-w64-mingw32-strings	/usr/bin/i686-w64-mingw32-strings	binutils-mingw-w64-i686
i686-w64-mingw32-strip	/usr/bin/i686-w64-mingw32-strip	/usr/bin/i686-w64-mingw32-strip	binutils-mingw-w64-i686
i686-w64-mingw32-windmc	/usr/bin/i686-w64-mingw32-windmc	/usr/bin/i686-w64-mingw32-windmc	binutils-mingw-w64-i686
i686-w64-mingw32-windres	/usr/bin/i686-w64-mingw32-windres	/usr/bin/i686-w64-mingw32-windres	binutils-mingw-w64-i686
ibmiscanner2john	/usr/bin/ibmiscanner2john	/usr/share/john/ibmiscanner2john.py	john-data
icat	/usr/bin/icat	/usr/bin/icat	sleuthkit
iconv	/usr/bin/iconv	/usr/bin/iconv	libc-bin
id	/usr/bin/id	/usr/bin/id	coreutils
idna	/usr/bin/idna	/usr/bin/idna	python3-idna
ifind	/usr/bin/ifind	/usr/bin/ifind	sleuthkit
ike-scan	/usr/bin/ike-scan	/usr/bin/ike-scan	ike-scan
ikescan2john	/usr/bin/ikescan2john	/usr/share/john/ikescan2john.py	john-data
ils	/usr/bin/ils	/usr/bin/ils	sleuthkit
img_cat	/usr/bin/img_cat	/usr/bin/img_cat	sleuthkit
img_stat	/usr/bin/img_stat	/usr/bin/img_stat	sleuthkit
impacket-DumpNTLMInfo	/usr/bin/impacket-DumpNTLMInfo	/usr/share/impacket/script	impacket-scripts
impacket-Get-GPPPassword	/usr/bin/impacket-Get-GPPPassword	/usr/share/impacket/script	impacket-scripts
impacket-GetADComputers	/usr/bin/impacket-GetADComputers	/usr/share/impacket/script	impacket-scripts
impacket-GetADUsers	/usr/bin/impacket-GetADUsers	/usr/share/impacket/script	impacket-scripts
impacket-GetLAPSPassword	/usr/bin/impacket-GetLAPSPassword	/usr/share/impacket/script	impacket-scripts
impacket-GetNPUsers	/usr/bin/impacket-GetNPUsers	/usr/share/impacket/script	impacket-scripts
impacket-GetUserSPNs	/usr/bin/impacket-GetUserSPNs	/usr/share/impacket/script	impacket-scripts
impacket-addcomputer	/usr/bin/impacket-addcomputer	/usr/share/impacket/script	impacket-scripts
impacket-atexec	/usr/bin/impacket-atexec	/usr/share/impacket/script	impacket-scripts
impacket-changepasswd	/usr/bin/impacket-changepasswd	/usr/share/impacket/script	impacket-scripts
impacket-dacledit	/usr/bin/impacket-dacledit	/usr/share/impacket/script	impacket-scripts
impacket-dcomexec	/usr/bin/impacket-dcomexec	/usr/share/impacket/script	impacket-scripts
impacket-describeTicket	/usr/bin/impacket-describeTicket	/usr/share/impacket/script	impacket-scripts
impacket-dpapi	/usr/bin/impacket-dpapi	/usr/share/impacket/script	impacket-scripts
impacket-esentutl	/usr/bin/impacket-esentutl	/usr/share/impacket/script	impacket-scripts
impacket-exchanger	/usr/bin/impacket-exchanger	/usr/share/impacket/script	impacket-scripts
impacket-findDelegation	/usr/bin/impacket-findDelegation	/usr/share/impacket/script	impacket-scripts
impacket-getArch	/usr/bin/impacket-getArch	/usr/share/impacket/script	impacket-scripts
impacket-getPac	/usr/bin/impacket-getPac	/usr/share/impacket/script	impacket-scripts
impacket-getST	/usr/bin/impacket-getST	/usr/share/impacket/script	impacket-scripts
impacket-getTGT	/usr/bin/impacket-getTGT	/usr/share/impacket/script	impacket-scripts
impacket-goldenPac	/usr/bin/impacket-goldenPac	/usr/share/impacket/script	impacket-scripts
impacket-karmaSMB	/usr/bin/impacket-karmaSMB	/usr/share/impacket/script	impacket-scripts
impacket-keylistattack	/usr/bin/impacket-keylistattack	/usr/share/impacket/script	impacket-scripts
impacket-lookupsid	/usr/bin/impacket-lookupsid	/usr/share/impacket/script	impacket-scripts
impacket-machine_role	/usr/bin/impacket-machine_role	/usr/share/impacket/script	impacket-scripts
impacket-mimikatz	/usr/bin/impacket-mimikatz	/usr/share/impacket/script	impacket-scripts
impacket-mqtt_check	/usr/bin/impacket-mqtt_check	/usr/share/impacket/script	impacket-scripts
impacket-mssqlclient	/usr/bin/impacket-mssqlclient	/usr/share/impacket/script	impacket-scripts
impacket-mssqlinstance	/usr/bin/impacket-mssqlinstance	/usr/share/impacket/script	impacket-scripts
impacket-net	/usr/bin/impacket-net	/usr/share/impacket/script	impacket-scripts
impacket-netview	/usr/bin/impacket-netview	/usr/share/impacket/script	python3-impacket
impacket-ntfs-read	/usr/bin/impacket-ntfs-read	/usr/share/impacket/script	impacket-scripts
impacket-ntlmrelayx	/usr/bin/impacket-ntlmrelayx	/usr/share/impacket/script	impacket-scripts
impacket-owneredit	/usr/bin/impacket-owneredit	/usr/share/impacket/script	impacket-scripts
impacket-ping	/usr/bin/impacket-ping	/usr/share/impacket/script	impacket-scripts
impacket-ping6	/usr/bin/impacket-ping6	/usr/share/impacket/script	impacket-scripts
impacket-psexec	/usr/bin/impacket-psexec	/usr/share/impacket/script	impacket-scripts
impacket-raiseChild	/usr/bin/impacket-raiseChild	/usr/share/impacket/script	impacket-scripts
impacket-rbcd	/usr/bin/impacket-rbcd	/usr/share/impacket/script	impacket-scripts
impacket-rdp_check	/usr/bin/impacket-rdp_check	/usr/share/impacket/script	impacket-scripts
impacket-reg	/usr/bin/impacket-reg	/usr/share/impacket/script	impacket-scripts
impacket-registry-read	/usr/bin/impacket-registry-read	/usr/share/impacket/script	impacket-scripts
impacket-rpcdump	/usr/bin/impacket-rpcdump	/usr/share/impacket/script	python3-impacket
impacket-rpcmap	/usr/bin/impacket-rpcmap	/usr/share/impacket/script	impacket-scripts
impacket-sambaPipe	/usr/bin/impacket-sambaPipe	/usr/share/impacket/script	impacket-scripts
impacket-samrdump	/usr/bin/impacket-samrdump	/usr/share/impacket/script	python3-impacket
impacket-secretsdump	/usr/bin/impacket-secretsdump	/usr/share/impacket/script	python3-impacket
impacket-services	/usr/bin/impacket-services	/usr/share/impacket/script	impacket-scripts
impacket-smbclient	/usr/bin/impacket-smbclient	/usr/share/impacket/script	impacket-scripts
impacket-smbexec	/usr/bin/impacket-smbexec	/usr/share/impacket/script	impacket-scripts
impacket-smbserver	/usr/bin/impacket-smbserver	/usr/share/impacket/script	impacket-scripts
impacket-sniff	/usr/bin/impacket-sniff	/usr/share/impacket/script	impacket-scripts
impacket-sniffer	/usr/bin/impacket-sniffer	/usr/share/impacket/script	impacket-scripts
impacket-split	/usr/bin/impacket-split	/usr/share/impacket/script	impacket-scripts
impacket-ticketConverter	/usr/bin/impacket-ticketConverter	/usr/share/impacket/script	impacket-scripts
impacket-ticketer	/usr/bin/impacket-ticketer	/usr/share/impacket/script	impacket-scripts
impacket-tstool	/usr/bin/impacket-tstool	/usr/share/impacket/script	impacket-scripts
impacket-wmiexec	/usr/bin/impacket-wmiexec	/usr/share/impacket/script	python3-impacket
impacket-wmipersist	/usr/bin/impacket-wmipersist	/usr/share/impacket/script	impacket-scripts
impacket-wmiquery	/usr/bin/impacket-wmiquery	/usr/share/impacket/script	impacket-scripts
inetsim	/usr/bin/inetsim	/usr/bin/inetsim	inetsim
inetutils-telnet	/usr/bin/inetutils-telnet	/usr/bin/inetutils-telnet	inetutils-telnet
infocmp	/usr/bin/infocmp	/usr/bin/infocmp	ncurses-bin
infotocap	/usr/bin/infotocap	/usr/bin/tic	ncurses-bin
innochecksum	/usr/bin/innochecksum	/usr/bin/innochecksum	mariadb-server-core
innotop	/usr/bin/innotop	/usr/bin/innotop	mariadb-client
install	/usr/bin/install	/usr/bin/install	coreutils
instmodsh	/usr/bin/instmodsh	/usr/bin/instmodsh	perl
inv	/usr/bin/inv	/usr/bin/inv	python3-invoke
invoke	/usr/bin/invoke	/usr/bin/invoke	python3-invoke
ionice	/usr/bin/ionice	/usr/bin/ionice	util-linux
ios7tojohn	/usr/bin/ios7tojohn	/usr/share/john/ios7tojohn.pl	john-data
ip	/usr/bin/ip	/usr/bin/ip	iproute2
ipcmk	/usr/bin/ipcmk	/usr/bin/ipcmk	util-linux
ipcrm	/usr/bin/ipcrm	/usr/bin/ipcrm	util-linux
ipcs	/usr/bin/ipcs	/usr/bin/ipcs	util-linux
ipwhois_cli	/usr/bin/ipwhois_cli	/usr/bin/ipwhois_cli	python3-ipwhois
ipwhois_utils_cli	/usr/bin/ipwhois_utils_cli	/usr/bin/ipwhois_utils_cli	python3-ipwhois
irb	/usr/bin/irb	/usr/bin/irb3.3	ruby
irb3.3	/usr/bin/irb3.3	/usr/bin/irb3.3	ruby3.3
ischroot	/usr/bin/ischroot	/usr/bin/ischroot	debianutils
ispell-wrapper	/usr/bin/ispell-wrapper	/usr/bin/ispell-wrapper	dictionaries-common
istat	/usr/bin/istat	/usr/bin/istat	sleuthkit
itunes_backup2john	/usr/bin/itunes_backup2john	/usr/share/john/itunes_backup2john.pl	john-data
ivstools	/usr/bin/ivstools	/usr/bin/ivstools	aircrack-ng
iwork2john	/usr/bin/iwork2john	/usr/share/john/iwork2john.py	john-data
java	/usr/bin/java	/usr/lib/jvm/java-25-openjdk-amd64/bin/java	unowned
jcat	/usr/bin/jcat	/usr/bin/jcat	sleuthkit
jexec	/usr/bin/jexec	/usr/lib/jvm/java-25-openjdk-amd64/lib/jexec	unowned
jls	/usr/bin/jls	/usr/bin/jls	sleuthkit
join	/usr/bin/join	/usr/bin/join	coreutils
journalctl	/usr/bin/journalctl	/usr/bin/journalctl	systemd
jpackage	/usr/bin/jpackage	/usr/lib/jvm/java-25-openjdk-amd64/bin/jpackage	unowned
jpeg_extract	/usr/bin/jpeg_extract	/usr/bin/jpeg_extract	sleuthkit
jpegexiforient	/usr/bin/jpegexiforient	/usr/bin/jpegexiforient	libjpeg-turbo-progs
jpegtran	/usr/bin/jpegtran	/usr/bin/jpegtran	libjpeg-turbo-progs
json_pp	/usr/bin/json_pp	/usr/bin/json_pp	perl
jsonschema	/usr/bin/jsonschema	/usr/bin/jsonschema	python3-jsonschema
kali-check-apt-sources	/usr/bin/kali-check-apt-sources	/usr/bin/kali-check-apt-sources	kali-defaults
kali-deprecated	/usr/bin/kali-deprecated	/usr/bin/kali-deprecated	kali-defaults
kali-motd	/usr/bin/kali-motd	/usr/bin/kali-motd	kali-defaults
kali-service-start	/usr/bin/kali-service-start	/usr/bin/kali-service-start	kali-defaults
kali-service-stop	/usr/bin/kali-service-stop	/usr/bin/kali-service-stop	kali-defaults
kali-setup	/usr/bin/kali-setup	/usr/bin/kali-setup	kali-defaults
kali-treecd	/usr/bin/kali-treecd	/usr/bin/kali-treecd	kali-defaults
kali-winexec	/usr/bin/kali-winexec	/usr/bin/kali-winexec	kali-defaults
kdcdump2john	/usr/bin/kdcdump2john	/usr/share/john/kdcdump2john.py	john-data
kernel-install	/usr/bin/kernel-install	/usr/bin/kernel-install	systemd
keychain2john	/usr/bin/keychain2john	/usr/share/john/keychain2john.py	john-data
keyctl	/usr/bin/keyctl	/usr/bin/keyctl	keyutils
keyring2john	/usr/bin/keyring2john	/usr/share/john/keyring2john.py	john-data
keystore2john	/usr/bin/keystore2john	/usr/share/john/keystore2john.py	john-data
keytool	/usr/bin/keytool	/usr/lib/jvm/java-25-openjdk-amd64/bin/keytool	unowned
kibitz	/usr/bin/kibitz	/usr/bin/expect_kibitz	expect
kill	/usr/bin/kill	/usr/bin/kill	procps
killall	/usr/bin/killall	/usr/bin/killall	psmisc
kirbi2john	/usr/bin/kirbi2john	/usr/share/john/kirbi2john.py	john-data
kismet	/usr/bin/kismet	/usr/bin/kismet	kismet-core
kismet_cap_antsdr_droneid	/usr/bin/kismet_cap_antsdr_droneid	/usr/bin/kismet_cap_antsdr_droneid	kismet-capture-antsdr-droneid
kismet_cap_freaklabs_zigbee	/usr/bin/kismet_cap_freaklabs_zigbee	/usr/bin/kismet_cap_freaklabs_zigbee	kismet-capture-freaklabs-zigbee
kismet_cap_hak5_wifi_coconut	/usr/bin/kismet_cap_hak5_wifi_coconut	/usr/bin/kismet_cap_hak5_wifi_coconut	kismet-capture-hak5-wifi-coconut
kismet_cap_kismetdb	/usr/bin/kismet_cap_kismetdb	/usr/bin/kismet_cap_kismetdb	kismet-core
kismet_cap_linux_bluetooth	/usr/bin/kismet_cap_linux_bluetooth	/usr/bin/kismet_cap_linux_bluetooth	kismet-capture-linux-bluetooth
kismet_cap_linux_wifi	/usr/bin/kismet_cap_linux_wifi	/usr/bin/kismet_cap_linux_wifi	kismet-capture-linux-wifi
kismet_cap_nrf_51822	/usr/bin/kismet_cap_nrf_51822	/usr/bin/kismet_cap_nrf_51822	kismet-capture-nrf-51822
kismet_cap_nrf_52840	/usr/bin/kismet_cap_nrf_52840	/usr/bin/kismet_cap_nrf_52840	kismet-capture-nrf-52840
kismet_cap_nrf_mousejack	/usr/bin/kismet_cap_nrf_mousejack	/usr/bin/kismet_cap_nrf_mousejack	kismet-capture-nrf-mousejack
kismet_cap_nxp_kw41z	/usr/bin/kismet_cap_nxp_kw41z	/usr/bin/kismet_cap_nxp_kw41z	kismet-capture-nxp-kw41z
kismet_cap_pcapfile	/usr/bin/kismet_cap_pcapfile	/usr/bin/kismet_cap_pcapfile	kismet-core
kismet_cap_radiacode_usb	/usr/bin/kismet_cap_radiacode_usb	/usr/bin/kismet_cap_radiacode_usb	kismet-capture-radiacode-usb
kismet_cap_rz_killerbee	/usr/bin/kismet_cap_rz_killerbee	/usr/bin/kismet_cap_rz_killerbee	kismet-capture-rz-killerbee
kismet_cap_sdr_rtl433	/usr/bin/kismet_cap_sdr_rtl433	/usr/bin/kismet_cap_sdr_rtl433	kismet-capture-rtl433
kismet_cap_sdr_rtladsb	/usr/bin/kismet_cap_sdr_rtladsb	/usr/bin/kismet_cap_sdr_rtladsb	kismet-capture-rtladsb
kismet_cap_serial_radview	/usr/bin/kismet_cap_serial_radview	/usr/bin/kismet_cap_serial_radview	kismet-capture-serial-radview
kismet_cap_ti_cc_2531	/usr/bin/kismet_cap_ti_cc_2531	/usr/bin/kismet_cap_ti_cc_2531	kismet-capture-ti-cc-2531
kismet_cap_ti_cc_2540	/usr/bin/kismet_cap_ti_cc_2540	/usr/bin/kismet_cap_ti_cc_2540	kismet-capture-ti-cc-2540
kismet_cap_ubertooth_one	/usr/bin/kismet_cap_ubertooth_one	/usr/bin/kismet_cap_ubertooth_one	kismet-capture-ubertooth-one
kismet_server	/usr/bin/kismet_server	/usr/bin/kismet_server	kismet-core
kismetdb_clean	/usr/bin/kismetdb_clean	/usr/bin/kismetdb_clean	kismet-logtools
kismetdb_dump_devices	/usr/bin/kismetdb_dump_devices	/usr/bin/kismetdb_dump_devices	kismet-logtools
kismetdb_statistics	/usr/bin/kismetdb_statistics	/usr/bin/kismetdb_statistics	kismet-logtools
kismetdb_strip_packets	/usr/bin/kismetdb_strip_packets	/usr/bin/kismetdb_strip_packets	kismet-logtools
kismetdb_to_gpx	/usr/bin/kismetdb_to_gpx	/usr/bin/kismetdb_to_gpx	kismet-logtools
kismetdb_to_kml	/usr/bin/kismetdb_to_kml	/usr/bin/kismetdb_to_kml	kismet-logtools
kismetdb_to_pcap	/usr/bin/kismetdb_to_pcap	/usr/bin/kismetdb_to_pcap	kismet-logtools
kismetdb_to_wiglecsv	/usr/bin/kismetdb_to_wiglecsv	/usr/bin/kismetdb_to_wiglecsv	kismet-logtools
kmod	/usr/bin/kmod	/usr/bin/kmod	kmod
known_hosts2john	/usr/bin/known_hosts2john	/usr/share/john/known_hosts2john.py	john-data
krb2john	/usr/bin/krb2john	/usr/share/john/krb2john.py	john-data
krb5-config	/usr/bin/krb5-config	/usr/bin/krb5-config.mit	libkrb5-dev:amd64
krb5-config.mit	/usr/bin/krb5-config.mit	/usr/bin/krb5-config.mit	krb5-multidev:amd64
kstats	/usr/bin/kstats	/usr/bin/kstats	aircrack-ng
kwallet2john	/usr/bin/kwallet2john	/usr/share/john/kwallet2john.py	john-data
l2ping	/usr/bin/l2ping	/usr/bin/l2ping	bluez
l2test	/usr/bin/l2test	/usr/bin/l2test	bluez
lastpass2john	/usr/bin/lastpass2john	/usr/share/john/lastpass2john.py	john-data
laudanum	/usr/bin/laudanum	/usr/bin/laudanum	laudanum
lbd	/usr/bin/lbd	/usr/bin/lbd	lbd
ld	/usr/bin/ld	/usr/bin/x86_64-linux-gnu-ld.bfd	binutils
ld.bfd	/usr/bin/ld.bfd	/usr/bin/x86_64-linux-gnu-ld.bfd	binutils
ld.so	/usr/bin/ld.so	/usr/lib/x86_64-linux-gnu/ld-linux-x86-64.so.2	libc-bin
ldapadd	/usr/bin/ldapadd	/usr/bin/ldapmodify	ldap-utils
ldapcompare	/usr/bin/ldapcompare	/usr/bin/ldapcompare	ldap-utils
ldapdelete	/usr/bin/ldapdelete	/usr/bin/ldapdelete	ldap-utils
ldapdomaindump	/usr/bin/ldapdomaindump	/usr/bin/ldapdomaindump	python3-ldapdomaindump
ldapexop	/usr/bin/ldapexop	/usr/bin/ldapexop	ldap-utils
ldapmodify	/usr/bin/ldapmodify	/usr/bin/ldapmodify	ldap-utils
ldapmodrdn	/usr/bin/ldapmodrdn	/usr/bin/ldapmodrdn	ldap-utils
ldappasswd	/usr/bin/ldappasswd	/usr/bin/ldappasswd	ldap-utils
ldapsearch	/usr/bin/ldapsearch	/usr/bin/ldapsearch	ldap-utils
ldapurl	/usr/bin/ldapurl	/usr/bin/ldapurl	ldap-utils
ldapwhoami	/usr/bin/ldapwhoami	/usr/bin/ldapwhoami	ldap-utils
ldd	/usr/bin/ldd	/usr/bin/ldd	libc-bin
ldd2bloodhound	/usr/bin/ldd2bloodhound	/usr/bin/ldd2bloodhound	python3-ldapdomaindump
ldd2pretty	/usr/bin/ldd2pretty	/usr/bin/ldd2pretty	python3-ldapdomaindump
ldif2john	/usr/bin/ldif2john	/usr/share/john/ldif2john.pl	john-data
lft	/usr/bin/lft	/usr/bin/lft.db	traceroute
lft.db	/usr/bin/lft.db	/usr/bin/lft.db	traceroute
libnetcfg	/usr/bin/libnetcfg	/usr/bin/libnetcfg	perl
libpostal_data	/usr/bin/libpostal_data	/usr/bin/libpostal_data	libpostal-data
libreoffice2john	/usr/bin/libreoffice2john	/usr/share/john/libreoffice2john.py	john-data
line_send_tcp	/usr/bin/line_send_tcp	/usr/bin/line_send_tcp	spike
link	/usr/bin/link	/usr/bin/link	coreutils
linpeas	/usr/bin/linpeas	/usr/bin/linpeas	peass
linux-check-removal	/usr/bin/linux-check-removal	/usr/bin/linux-check-removal	linux-base
linux-run-hooks	/usr/bin/linux-run-hooks	/usr/bin/linux-run-hooks	linux-base
linux-update-symlinks	/usr/bin/linux-update-symlinks	/usr/bin/linux-update-symlinks	linux-base
linux-version	/usr/bin/linux-version	/usr/bin/linux-version	linux-base
linux32	/usr/bin/linux32	/usr/bin/setarch	util-linux
linux64	/usr/bin/linux64	/usr/bin/setarch	util-linux
lion2john	/usr/bin/lion2john	/usr/share/john/lion2john.pl	john-data
listres	/usr/bin/listres	/usr/bin/listres	x11-utils
llvm-spirv-21	/usr/bin/llvm-spirv-21	/usr/bin/llvm-spirv-21	llvm-spirv-21
ln	/usr/bin/ln	/usr/bin/ln	coreutils
lnstat	/usr/bin/lnstat	/usr/bin/lnstat	iproute2
locale	/usr/bin/locale	/usr/bin/locale	libc-bin
localectl	/usr/bin/localectl	/usr/bin/localectl	systemd
localedef	/usr/bin/localedef	/usr/bin/localedef	libc-bin
locate	/usr/bin/locate	/usr/bin/plocate	plocate
logger	/usr/bin/logger	/usr/bin/logger	util-linux
login	/usr/bin/login	/usr/bin/login	login
loginctl	/usr/bin/loginctl	/usr/bin/loginctl	systemd
logname	/usr/bin/logname	/usr/bin/logname	coreutils
logresolve	/usr/bin/logresolve	/usr/bin/logresolve	apache2-utils
lotus2john	/usr/bin/lotus2john	/usr/share/john/lotus2john.py	john-data
lowntfs-3g	/usr/bin/lowntfs-3g	/usr/bin/lowntfs-3g	ntfs-3g
lpunlock	/usr/bin/lpunlock	/usr/bin/expect_lpunlock	expect
ls	/usr/bin/ls	/usr/bin/ls	coreutils
lsassy	/usr/bin/lsassy	/usr/bin/lsassy	python3-lsassy
lsblk	/usr/bin/lsblk	/usr/bin/lsblk	util-linux
lscpu	/usr/bin/lscpu	/usr/bin/lscpu	util-linux
lsinitramfs	/usr/bin/lsinitramfs	/usr/bin/lsinitramfs	initramfs-tools-core
lsipc	/usr/bin/lsipc	/usr/bin/lsipc	util-linux
lslocks	/usr/bin/lslocks	/usr/bin/lslocks	util-linux
lsmod	/usr/bin/lsmod	/usr/bin/kmod	kmod
lsns	/usr/bin/lsns	/usr/bin/lsns	util-linux
lsof	/usr/bin/lsof	/usr/bin/lsof	lsof
lstopo	/usr/bin/lstopo	/usr/bin/lstopo	hwloc
lstopo-no-graphics	/usr/bin/lstopo-no-graphics	/usr/bin/lstopo-no-graphics	hwloc
lsusb	/usr/bin/lsusb	/usr/bin/lsusb	usbutils
luks2john	/usr/bin/luks2john	/usr/share/john/luks2john.py	john-data
lwp-download	/usr/bin/lwp-download	/usr/bin/lwp-download	libwww-perl
lwp-dump	/usr/bin/lwp-dump	/usr/bin/lwp-dump	libwww-perl
lwp-mirror	/usr/bin/lwp-mirror	/usr/bin/lwp-mirror	libwww-perl
lwp-request	/usr/bin/lwp-request	/usr/bin/lwp-request	libwww-perl
mac2john	/usr/bin/mac2john	/usr/share/john/mac2john.py	john-data
mac2unix	/usr/bin/mac2unix	/usr/bin/dos2unix	dos2unix
macchanger	/usr/bin/macchanger	/usr/bin/macchanger	macchanger
macof	/usr/bin/macof	/usr/bin/macof	dsniff
mactime	/usr/bin/mactime	/usr/bin/mactime	sleuthkit
magicrescue	/usr/bin/magicrescue	/usr/bin/magicrescue	magicrescue
magicsort	/usr/bin/magicsort	/usr/bin/magicsort	magicrescue
mailmail3	/usr/bin/mailmail3	/usr/bin/mailmail3	python3-twisted
mailsnarf	/usr/bin/mailsnarf	/usr/bin/mailsnarf	dsniff
makeivs-ng	/usr/bin/makeivs-ng	/usr/bin/makeivs-ng	aircrack-ng
mako-render	/usr/bin/mako-render	/usr/bin/mako-render	python3-mako
mariadb	/usr/bin/mariadb	/usr/bin/mariadb	mariadb-client-core
mariadb-access	/usr/bin/mariadb-access	/usr/bin/mariadb-access	mariadb-client
mariadb-admin	/usr/bin/mariadb-admin	/usr/bin/mariadb-admin	mariadb-client
mariadb-analyze	/usr/bin/mariadb-analyze	/usr/bin/mariadb-check	mariadb-client
mariadb-binlog	/usr/bin/mariadb-binlog	/usr/bin/mariadb-binlog	mariadb-client
mariadb-check	/usr/bin/mariadb-check	/usr/bin/mariadb-check	mariadb-client-core
mariadb-conv	/usr/bin/mariadb-conv	/usr/bin/mariadb-conv	mariadb-client
mariadb-convert-table-format	/usr/bin/mariadb-convert-table-format	/usr/bin/mariadb-convert-table-format	mariadb-client
mariadb-dump	/usr/bin/mariadb-dump	/usr/bin/mariadb-dump	mariadb-client
mariadb-dumpslow	/usr/bin/mariadb-dumpslow	/usr/bin/mariadb-dumpslow	mariadb-client
mariadb-find-rows	/usr/bin/mariadb-find-rows	/usr/bin/mariadb-find-rows	mariadb-client
mariadb-fix-extensions	/usr/bin/mariadb-fix-extensions	/usr/bin/mariadb-fix-extensions	mariadb-client
mariadb-hotcopy	/usr/bin/mariadb-hotcopy	/usr/bin/mariadb-hotcopy	mariadb-client
mariadb-import	/usr/bin/mariadb-import	/usr/bin/mariadb-import	mariadb-client
mariadb-install-db	/usr/bin/mariadb-install-db	/usr/bin/mariadb-install-db	mariadb-server-core
mariadb-migrate-config-file	/usr/bin/mariadb-migrate-config-file	/usr/bin/mariadb-migrate-config-file	mariadb-client-core
mariadb-optimize	/usr/bin/mariadb-optimize	/usr/bin/mariadb-check	mariadb-client
mariadb-plugin	/usr/bin/mariadb-plugin	/usr/bin/mariadb-plugin	mariadb-client
mariadb-repair	/usr/bin/mariadb-repair	/usr/bin/mariadb-check	mariadb-client
mariadb-report	/usr/bin/mariadb-report	/usr/bin/mariadb-report	mariadb-client
mariadb-secure-installation	/usr/bin/mariadb-secure-installation	/usr/bin/mariadb-secure-installation	mariadb-client
mariadb-service-convert	/usr/bin/mariadb-service-convert	/usr/bin/mariadb-service-convert	mariadb-server
mariadb-setpermission	/usr/bin/mariadb-setpermission	/usr/bin/mariadb-setpermission	mariadb-client
mariadb-show	/usr/bin/mariadb-show	/usr/bin/mariadb-show	mariadb-client
mariadb-slap	/usr/bin/mariadb-slap	/usr/bin/mariadb-slap	mariadb-client
mariadb-tzinfo-to-sql	/usr/bin/mariadb-tzinfo-to-sql	/usr/bin/mariadb-tzinfo-to-sql	mariadb-client
mariadb-upgrade	/usr/bin/mariadb-upgrade	/usr/bin/mariadb-upgrade	mariadb-server-core
mariadb-waitpid	/usr/bin/mariadb-waitpid	/usr/bin/mariadb-waitpid	mariadb-client
mariadbcheck	/usr/bin/mariadbcheck	/usr/bin/mariadb-check	mariadb-client
mariadbd-multi	/usr/bin/mariadbd-multi	/usr/bin/mariadbd-multi	mariadb-server
mariadbd-safe	/usr/bin/mariadbd-safe	/usr/bin/mariadbd-safe	mariadb-server
mariadbd-safe-helper	/usr/bin/mariadbd-safe-helper	/usr/bin/mariadbd-safe-helper	mariadb-server
markdown-it	/usr/bin/markdown-it	/usr/bin/markdown-it	python3-markdown-it
markdown2	/usr/bin/markdown2	/usr/bin/markdown2	python3-markdown2
masky	/usr/bin/masky	/usr/bin/masky	python3-masky
masscan	/usr/bin/masscan	/usr/bin/masscan	masscan
mawk	/usr/bin/mawk	/usr/bin/mawk	mawk
mcafee_epo2john	/usr/bin/mcafee_epo2john	/usr/share/john/mcafee_epo2john.py	john-data
mcookie	/usr/bin/mcookie	/usr/bin/mcookie	util-linux
md2pdf	/usr/bin/md2pdf	/usr/bin/md2pdf	python3-md2pdf
md5deep	/usr/bin/md5deep	/usr/bin/md5deep	hashdeep
md5sum	/usr/bin/md5sum	/usr/bin/md5sum	coreutils
mdig	/usr/bin/mdig	/usr/bin/mdig	bind9-dnsutils
mdsearch	/usr/bin/mdsearch	/usr/bin/mdsearch	smbclient
mech-dump	/usr/bin/mech-dump	/usr/bin/mech-dump	libwww-mechanize-perl
mergecap	/usr/bin/mergecap	/usr/bin/mergecap	wireshark-common
metaflac	/usr/bin/metaflac	/usr/bin/metaflac	flac
mimikatz	/usr/bin/mimikatz	/usr/bin/mimikatz	mimikatz
minicom	/usr/bin/minicom	/usr/bin/minicom	minicom
minidump	/usr/bin/minidump	/usr/bin/minidump	python3-minidump
minikerberos-asreproast	/usr/bin/minikerberos-asreproast	/usr/bin/minikerberos-asreproast	python3-minikerberos
minikerberos-ccache2kirbi	/usr/bin/minikerberos-ccache2kirbi	/usr/bin/minikerberos-ccache2kirbi	python3-minikerberos
minikerberos-ccacheedit	/usr/bin/minikerberos-ccacheedit	/usr/bin/minikerberos-ccacheedit	python3-minikerberos
minikerberos-ccacheroast	/usr/bin/minikerberos-ccacheroast	/usr/bin/minikerberos-ccacheroast	python3-minikerberos
minikerberos-changepw	/usr/bin/minikerberos-changepw	/usr/bin/minikerberos-changepw	python3-minikerberos
minikerberos-cve202233647	/usr/bin/minikerberos-cve202233647	/usr/bin/minikerberos-cve202233647	python3-minikerberos
minikerberos-cve202233679	/usr/bin/minikerberos-cve202233679	/usr/bin/minikerberos-cve202233679	python3-minikerberos
minikerberos-getNTPKInit	/usr/bin/minikerberos-getNTPKInit	/usr/bin/minikerberos-getNTPKInit	python3-minikerberos
minikerberos-getS4U2proxy	/usr/bin/minikerberos-getS4U2proxy	/usr/bin/minikerberos-getS4U2proxy	python3-minikerberos
minikerberos-getS4U2self	/usr/bin/minikerberos-getS4U2self	/usr/bin/minikerberos-getS4U2self	python3-minikerberos
minikerberos-getTGS	/usr/bin/minikerberos-getTGS	/usr/bin/minikerberos-getTGS	python3-minikerberos
minikerberos-getTGT	/usr/bin/minikerberos-getTGT	/usr/bin/minikerberos-getTGT	python3-minikerberos
minikerberos-kerb23hashdecrypt	/usr/bin/minikerberos-kerb23hashdecrypt	/usr/bin/minikerberos-kerb23hashdecrypt	python3-minikerberos
minikerberos-kerberoast	/usr/bin/minikerberos-kerberoast	/usr/bin/minikerberos-kerberoast	python3-minikerberos
minikerberos-kirbi2ccache	/usr/bin/minikerberos-kirbi2ccache	/usr/bin/minikerberos-kirbi2ccache	python3-minikerberos
minitest	/usr/bin/minitest	/usr/bin/minitest	ruby-minitest
mitmdump	/usr/bin/mitmdump	/usr/bin/mitmdump	mitmproxy
mitmproxy	/usr/bin/mitmproxy	/usr/bin/mitmproxy	mitmproxy
mitmweb	/usr/bin/mitmweb	/usr/bin/mitmweb	mitmproxy
mkdir	/usr/bin/mkdir	/usr/bin/mkdir	coreutils
mkfifo	/usr/bin/mkfifo	/usr/bin/mkfifo	coreutils
mknod	/usr/bin/mknod	/usr/bin/mknod	coreutils
mkpasswd	/usr/bin/mkpasswd	/usr/bin/mkpasswd	whois
mktemp	/usr/bin/mktemp	/usr/bin/mktemp	coreutils
mmcat	/usr/bin/mmcat	/usr/bin/mmcat	sleuthkit
mmdbresolve	/usr/bin/mmdbresolve	/usr/bin/mmdbresolve	wireshark-common
mmls	/usr/bin/mmls	/usr/bin/mmls	sleuthkit
mmstat	/usr/bin/mmstat	/usr/bin/mmstat	sleuthkit
monero2john	/usr/bin/monero2john	/usr/share/john/monero2john.py	john-data
money2john	/usr/bin/money2john	/usr/share/john/money2john.py	john-data
more	/usr/bin/more	/usr/bin/more	util-linux
mosquitto2john	/usr/bin/mosquitto2john	/usr/share/john/mosquitto2john.py	john-data
mount	/usr/bin/mount	/usr/bin/mount	mount
mountpoint	/usr/bin/mountpoint	/usr/bin/mountpoint	util-linux
mozilla2john	/usr/bin/mozilla2john	/usr/share/john/mozilla2john.py	john-data
mp3-decoder	/usr/bin/mp3-decoder	/usr/bin/mpg123	mpg123
mp32	/usr/bin/mp32	/usr/bin/mp64	maskprocessor
mp64	/usr/bin/mp64	/usr/bin/mp64	maskprocessor
mpg123	/usr/bin/mpg123	/usr/bin/mpg123	mpg123
mpg123-alsa	/usr/bin/mpg123-alsa	/usr/bin/mpg123-alsa	mpg123
mpg123-id3dump	/usr/bin/mpg123-id3dump	/usr/bin/mpg123-id3dump	mpg123
mpg123-jack	/usr/bin/mpg123-jack	/usr/bin/mpg123-jack	mpg123
mpg123-openal	/usr/bin/mpg123-openal	/usr/bin/mpg123-openal	mpg123
mpg123-oss	/usr/bin/mpg123-oss	/usr/bin/mpg123-oss	mpg123
mpg123-portaudio	/usr/bin/mpg123-portaudio	/usr/bin/mpg123-portaudio	mpg123
mpg123-pulse	/usr/bin/mpg123-pulse	/usr/bin/mpg123-pulse	mpg123
mpg123-strip	/usr/bin/mpg123-strip	/usr/bin/mpg123-strip	mpg123
mpris-proxy	/usr/bin/mpris-proxy	/usr/bin/mpris-proxy	bluez
msf-egghunter	/usr/bin/msf-egghunter	/usr/share/metasploit-framework/script-exploit	metasploit-framework
msf-exe2vba	/usr/bin/msf-exe2vba	/usr/share/metasploit-framework/script-exploit	metasploit-framework
msf-exe2vbs	/usr/bin/msf-exe2vbs	/usr/share/metasploit-framework/script-exploit	metasploit-framework
msf-find_badchars	/usr/bin/msf-find_badchars	/usr/share/metasploit-framework/script-exploit	metasploit-framework
msf-halflm_second	/usr/bin/msf-halflm_second	/usr/share/metasploit-framework/script-password	metasploit-framework
msf-hmac_sha1_crack	/usr/bin/msf-hmac_sha1_crack	/usr/share/metasploit-framework/script-password	metasploit-framework
msf-java_deserializer	/usr/bin/msf-java_deserializer	/usr/share/metasploit-framework/script-exploit	metasploit-framework
msf-jsobfu	/usr/bin/msf-jsobfu	/usr/share/metasploit-framework/script-exploit	metasploit-framework
msf-makeiplist	/usr/bin/msf-makeiplist	/usr/share/metasploit-framework/script-recon	metasploit-framework
msf-md5_lookup	/usr/bin/msf-md5_lookup	/usr/share/metasploit-framework/script-password	metasploit-framework
msf-metasm_shell	/usr/bin/msf-metasm_shell	/usr/share/metasploit-framework/script-exploit	metasploit-framework
msf-msf_irb_shell	/usr/bin/msf-msf_irb_shell	/usr/share/metasploit-framework/script-exploit	metasploit-framework
msf-nasm_shell	/usr/bin/msf-nasm_shell	/usr/share/metasploit-framework/script-exploit	metasploit-framework
msf-pattern_create	/usr/bin/msf-pattern_create	/usr/share/metasploit-framework/script-exploit	metasploit-framework
msf-pattern_offset	/usr/bin/msf-pattern_offset	/usr/share/metasploit-framework/script-exploit	metasploit-framework
msf-pdf2xdp	/usr/bin/msf-pdf2xdp	/usr/share/metasploit-framework/script-exploit	metasploit-framework
msf-virustotal	/usr/bin/msf-virustotal	/usr/share/metasploit-framework/script-exploit	metasploit-framework
msfconsole	/usr/bin/msfconsole	/usr/share/metasploit-framework/msfconsole	unowned
msfd	/usr/bin/msfd	/usr/share/metasploit-framework/msfd	unowned
msfdb	/usr/bin/msfdb	/usr/share/metasploit-framework/msfdb	unowned
msfpc	/usr/bin/msfpc	/usr/bin/msfpc	msfpc
msfrpc	/usr/bin/msfrpc	/usr/share/metasploit-framework/msfrpc	unowned
msfrpcd	/usr/bin/msfrpcd	/usr/share/metasploit-framework/msfrpcd	unowned
msfupdate	/usr/bin/msfupdate	/usr/share/metasploit-framework/msfupdate	unowned
msfvenom	/usr/bin/msfvenom	/usr/share/metasploit-framework/msfvenom	unowned
msgsnarf	/usr/bin/msgsnarf	/usr/bin/msgsnarf	dsniff
msldap	/usr/bin/msldap	/usr/bin/msldap	python3-msldap
msldap-bloodhound	/usr/bin/msldap-bloodhound	/usr/bin/msldap-bloodhound	python3-msldap
msql2mysql	/usr/bin/msql2mysql	/usr/bin/msql2mysql	mariadb-client
msrpcfuzz	/usr/bin/msrpcfuzz	/usr/bin/msrpcfuzz	spike
msrpcfuzz_udp	/usr/bin/msrpcfuzz_udp	/usr/bin/msrpcfuzz_udp	spike
multibit2john	/usr/bin/multibit2john	/usr/share/john/multibit2john.py	john-data
multimac	/usr/bin/multimac	/usr/bin/multimac	multimac
multixterm	/usr/bin/multixterm	/usr/bin/expect_multixterm	expect
mv	/usr/bin/mv	/usr/bin/mv	coreutils
mvxattr	/usr/bin/mvxattr	/usr/bin/mvxattr	samba
my_print_defaults	/usr/bin/my_print_defaults	/usr/bin/my_print_defaults	mariadb-client-core
myisam_ftdump	/usr/bin/myisam_ftdump	/usr/bin/myisam_ftdump	mariadb-server
myisamchk	/usr/bin/myisamchk	/usr/bin/myisamchk	mariadb-server
myisamlog	/usr/bin/myisamlog	/usr/bin/myisamlog	mariadb-server
myisampack	/usr/bin/myisampack	/usr/bin/myisampack	mariadb-server
mysql	/usr/bin/mysql	/usr/bin/mariadb	mariadb-client-core
mysql_install_db	/usr/bin/mysql_install_db	/usr/bin/mariadb-install-db	mariadb-server-core
mysql_upgrade	/usr/bin/mysql_upgrade	/usr/bin/mariadb-upgrade	mariadb-server-core
mysqladmin	/usr/bin/mysqladmin	/usr/bin/mariadb-admin	mariadb-client
mysqld_multi	/usr/bin/mysqld_multi	/usr/bin/mariadbd-multi	mariadb-server-compat
mysqld_safe	/usr/bin/mysqld_safe	/usr/bin/mariadbd-safe	mariadb-server
mysqld_safe_helper	/usr/bin/mysqld_safe_helper	/usr/bin/mariadbd-safe-helper	mariadb-server-compat
mysqldump	/usr/bin/mysqldump	/usr/bin/mariadb-dump	mariadb-client
mytop	/usr/bin/mytop	/usr/bin/mytop	mariadb-client
namei	/usr/bin/namei	/usr/bin/namei	util-linux
nasm	/usr/bin/nasm	/usr/bin/nasm	nasm
nawk	/usr/bin/nawk	/usr/bin/gawk	gawk
nbtscan	/usr/bin/nbtscan	/usr/bin/nbtscan	nbtscan
nc	/usr/bin/nc	/usr/bin/nc.traditional	netcat-traditional
nc.traditional	/usr/bin/nc.traditional	/usr/bin/nc.traditional	netcat-traditional
ncrack	/usr/bin/ncrack	/usr/bin/ncrack	ncrack
ndisasm	/usr/bin/ndisasm	/usr/bin/ndisasm	nasm
neo2john	/usr/bin/neo2john	/usr/share/john/neo2john.py	john-data
net	/usr/bin/net	/usr/bin/net	samba-common-bin
net-server	/usr/bin/net-server	/usr/bin/net-server	libnet-server-perl
net-snmp-create-v3-user	/usr/bin/net-snmp-create-v3-user	/usr/bin/net-snmp-create-v3-user	snmpd
netaddr	/usr/bin/netaddr	/usr/bin/netaddr	python3-netaddr
netcat	/usr/bin/netcat	/usr/bin/nc.traditional	netcat-traditional
netexec	/usr/bin/netexec	/usr/bin/netexec	netexec
netmask	/usr/bin/netmask	/usr/bin/netmask	netmask
netsed	/usr/bin/netsed	/usr/bin/netsed	netsed
netshaper	/usr/bin/netshaper	/usr/bin/netshaper	iproute2
netstat	/usr/bin/netstat	/usr/bin/netstat	net-tools
networkctl	/usr/bin/networkctl	/usr/bin/networkctl	systemd
ngrep	/usr/bin/ngrep	/usr/bin/ngrep	ngrep
nice	/usr/bin/nice	/usr/bin/nice	coreutils
nikto	/usr/bin/nikto	/usr/bin/nikto	nikto
nisdomainname	/usr/bin/nisdomainname	/usr/bin/hostname	hostname
nl	/usr/bin/nl	/usr/bin/nl	coreutils
nm	/usr/bin/nm	/usr/bin/x86_64-linux-gnu-nm	binutils
nmap	/usr/bin/nmap	/usr/bin/nmap	nmap
nmblookup	/usr/bin/nmblookup	/usr/bin/nmblookup	samba-common-bin
nohup	/usr/bin/nohup	/usr/bin/nohup	coreutils
nokogiri	/usr/bin/nokogiri	/usr/bin/nokogiri	ruby-nokogiri
normalizer	/usr/bin/normalizer	/usr/bin/normalizer	python3-charset-normalizer
nping	/usr/bin/nping	/usr/bin/nping	nmap
nproc	/usr/bin/nproc	/usr/bin/nproc	coreutils
nsenter	/usr/bin/nsenter	/usr/bin/nsenter	util-linux
nslookup	/usr/bin/nslookup	/usr/bin/nslookup	bind9-dnsutils
nstat	/usr/bin/nstat	/usr/bin/nstat	iproute2
nsupdate	/usr/bin/nsupdate	/usr/bin/nsupdate	bind9-dnsutils
ntfs-3g	/usr/bin/ntfs-3g	/usr/bin/ntfs-3g	ntfs-3g
ntfs-3g.probe	/usr/bin/ntfs-3g.probe	/usr/bin/ntfs-3g.probe	ntfs-3g
ntfscat	/usr/bin/ntfscat	/usr/bin/ntfscat	ntfs-3g
ntfscluster	/usr/bin/ntfscluster	/usr/bin/ntfscluster	ntfs-3g
ntfscmp	/usr/bin/ntfscmp	/usr/bin/ntfscmp	ntfs-3g
ntfsdecrypt	/usr/bin/ntfsdecrypt	/usr/bin/ntfsdecrypt	ntfs-3g
ntfsfallocate	/usr/bin/ntfsfallocate	/usr/bin/ntfsfallocate	ntfs-3g
ntfsfix	/usr/bin/ntfsfix	/usr/bin/ntfsfix	ntfs-3g
ntfsinfo	/usr/bin/ntfsinfo	/usr/bin/ntfsinfo	ntfs-3g
ntfsls	/usr/bin/ntfsls	/usr/bin/ntfsls	ntfs-3g
ntfsmove	/usr/bin/ntfsmove	/usr/bin/ntfsmove	ntfs-3g
ntfsrecover	/usr/bin/ntfsrecover	/usr/bin/ntfsrecover	ntfs-3g
ntfssecaudit	/usr/bin/ntfssecaudit	/usr/bin/ntfssecaudit	ntfs-3g
ntfstruncate	/usr/bin/ntfstruncate	/usr/bin/ntfstruncate	ntfs-3g
ntfsusermap	/usr/bin/ntfsusermap	/usr/bin/ntfsusermap	ntfs-3g
ntfswipe	/usr/bin/ntfswipe	/usr/bin/ntfswipe	ntfs-3g
ntlm2	/usr/bin/ntlm2	/usr/bin/ntlm2	spike
ntlm_brute	/usr/bin/ntlm_brute	/usr/bin/ntlm_brute	spike
numfmt	/usr/bin/numfmt	/usr/bin/numfmt	coreutils
numpy-config	/usr/bin/numpy-config	/usr/bin/numpy-config	python3-numpy
nxc	/usr/bin/nxc	/usr/bin/nxc	netexec
nxcdb	/usr/bin/nxcdb	/usr/bin/nxcdb	netexec
oLschema2ldif	/usr/bin/oLschema2ldif	/usr/bin/oLschema2ldif	samba
obexctl	/usr/bin/obexctl	/usr/bin/obexctl	bluez
objcopy	/usr/bin/objcopy	/usr/bin/x86_64-linux-gnu-objcopy	binutils
objdump	/usr/bin/objdump	/usr/bin/x86_64-linux-gnu-objdump	binutils
od	/usr/bin/od	/usr/bin/od	coreutils
office2john	/usr/bin/office2john	/usr/share/john/office2john.py	john-data
onesixtyone	/usr/bin/onesixtyone	/usr/bin/onesixtyone	onesixtyone
open	/usr/bin/open	/usr/bin/xdg-open	xdg-utils
openbsd_softraid2john	/usr/bin/openbsd_softraid2john	/usr/share/john/openbsd_softraid2john.py	john-data
openssl	/usr/bin/openssl	/usr/bin/openssl	openssl
openssl2john	/usr/bin/openssl2john	/usr/share/john/openssl2john.py	john-data
out123	/usr/bin/out123	/usr/bin/out123	mpg123
p7zip	/usr/bin/p7zip	/usr/bin/p7zip	7zip
packetforge-ng	/usr/bin/packetforge-ng	/usr/bin/packetforge-ng	aircrack-ng
padlock2john	/usr/bin/padlock2john	/usr/share/john/padlock2john.py	john-data
pager	/usr/bin/pager	/usr/bin/more	util-linux
partx	/usr/bin/partx	/usr/bin/partx	util-linux
passmass	/usr/bin/passmass	/usr/bin/expect_passmass	expect
passwd	/usr/bin/passwd	/usr/bin/passwd	passwd
paste	/usr/bin/paste	/usr/bin/paste	coreutils
patator	/usr/bin/patator	/usr/bin/patator	patator
pathchk	/usr/bin/pathchk	/usr/bin/pathchk	coreutils
pcap2john	/usr/bin/pcap2john	/usr/share/john/pcap2john.py	john-data
pcf2vpnc	/usr/bin/pcf2vpnc	/usr/bin/pcf2vpnc	vpnc
pdb3	/usr/bin/pdb3	/usr/bin/pdb3.14	python3
pdb3.14	/usr/bin/pdb3.14	/usr/bin/pdb3.14	python3.14
pdbedit	/usr/bin/pdbedit	/usr/bin/pdbedit	samba
pdf-parser	/usr/bin/pdf-parser	/usr/bin/pdf-parser	pdf-parser
pdf2john	/usr/bin/pdf2john	/usr/share/john/pdf2john.pl	john-data
pdfid	/usr/bin/pdfid	/usr/bin/pdfid	pdfid
peass	/usr/bin/peass	/usr/bin/peass	peass
peekfd	/usr/bin/peekfd	/usr/bin/peekfd	psmisc
pem2john	/usr/bin/pem2john	/usr/share/john/pem2john.py	john-data
perl	/usr/bin/perl	/usr/bin/perl	perl-base
perl5.42-x86_64-linux-gnu	/usr/bin/perl5.42-x86_64-linux-gnu	/usr/bin/perl5.42-x86_64-linux-gnu	libperl5.42:amd64
perl5.42.2	/usr/bin/perl5.42.2	/usr/bin/perl5.42.2	perl-base
perlbug	/usr/bin/perlbug	/usr/bin/perlbug	perl
perldoc	/usr/bin/perldoc	/usr/bin/perldoc	perl
perlivp	/usr/bin/perlivp	/usr/bin/perlivp	perl
perlthanks	/usr/bin/perlthanks	/usr/bin/perlthanks	perl
perror	/usr/bin/perror	/usr/bin/perror	mariadb-client
pfx2john	/usr/bin/pfx2john	/usr/share/john/pfx2john.py	john-data
pg_archivecleanup	/usr/bin/pg_archivecleanup	/usr/share/postgresql-common/pg_wrapper	postgresql-common
pg_backupcluster	/usr/bin/pg_backupcluster	/usr/bin/pg_backupcluster	postgresql-common
pg_basebackup	/usr/bin/pg_basebackup	/usr/share/postgresql-common/pg_wrapper	postgresql-client-common
pg_config	/usr/bin/pg_config	/usr/bin/pg_config	postgresql-common
pg_conftool	/usr/bin/pg_conftool	/usr/bin/pg_conftool	postgresql-common
pg_createcluster	/usr/bin/pg_createcluster	/usr/bin/pg_createcluster	postgresql-common
pg_ctlcluster	/usr/bin/pg_ctlcluster	/usr/bin/pg_ctlcluster	postgresql-common
pg_dropcluster	/usr/bin/pg_dropcluster	/usr/bin/pg_dropcluster	postgresql-common
pg_dump	/usr/bin/pg_dump	/usr/share/postgresql-common/pg_wrapper	postgresql-client-common
pg_dumpall	/usr/bin/pg_dumpall	/usr/share/postgresql-common/pg_wrapper	postgresql-client-common
pg_isready	/usr/bin/pg_isready	/usr/share/postgresql-common/pg_wrapper	postgresql-client-common
pg_lsclusters	/usr/bin/pg_lsclusters	/usr/bin/pg_lsclusters	postgresql-common
pg_receivewal	/usr/bin/pg_receivewal	/usr/share/postgresql-common/pg_wrapper	postgresql-client-common
pg_receivexlog	/usr/bin/pg_receivexlog	/usr/share/postgresql-common/pg_wrapper	postgresql-client-common
pg_recvlogical	/usr/bin/pg_recvlogical	/usr/share/postgresql-common/pg_wrapper	postgresql-client-common
pg_renamecluster	/usr/bin/pg_renamecluster	/usr/bin/pg_renamecluster	postgresql-common
pg_restore	/usr/bin/pg_restore	/usr/share/postgresql-common/pg_wrapper	postgresql-client-common
pg_restorecluster	/usr/bin/pg_restorecluster	/usr/bin/pg_restorecluster	postgresql-common
pg_upgradecluster	/usr/bin/pg_upgradecluster	/usr/bin/pg_upgradecluster	postgresql-common
pg_virtualenv	/usr/bin/pg_virtualenv	/usr/bin/pg_virtualenv	postgresql-common
pgbench	/usr/bin/pgbench	/usr/share/postgresql-common/pg_wrapper	postgresql-client-common
pgpdisk2john	/usr/bin/pgpdisk2john	/usr/share/john/pgpdisk2john.py	john-data
pgpsda2john	/usr/bin/pgpsda2john	/usr/share/john/pgpsda2john.py	john-data
pgpwde2john	/usr/bin/pgpwde2john	/usr/share/john/pgpwde2john.py	john-data
pgrep	/usr/bin/pgrep	/usr/bin/pgrep	procps
phar	/usr/bin/phar	/usr/bin/phar8.4.phar	php8.4-cli
phar.phar	/usr/bin/phar.phar	/usr/bin/phar8.4.phar	php8.4-cli
phar.phar8.4	/usr/bin/phar.phar8.4	/usr/bin/phar8.4.phar	php8.4-cli
phar8.4	/usr/bin/phar8.4	/usr/bin/phar8.4.phar	php8.4-cli
phar8.4.phar	/usr/bin/phar8.4.phar	/usr/bin/phar8.4.phar	php8.4-cli
photorec	/usr/bin/photorec	/usr/bin/photorec	testdisk
php	/usr/bin/php	/usr/bin/php8.4	php8.4-cli
php8.4	/usr/bin/php8.4	/usr/bin/php8.4	php8.4-cli
piconv	/usr/bin/piconv	/usr/bin/piconv	perl
pidof	/usr/bin/pidof	/usr/sbin/killall5	sysvinit-utils
pidwait	/usr/bin/pidwait	/usr/bin/pidwait	procps
pinky	/usr/bin/pinky	/usr/bin/pinky	coreutils
pip	/usr/bin/pip	/usr/bin/pip	python3-pip
pip3	/usr/bin/pip3	/usr/bin/pip3	python3-pip
pipal	/usr/bin/pipal	/usr/bin/pipal	pipal
pipx	/usr/bin/pipx	/usr/bin/pipx	pipx
pixiewps	/usr/bin/pixiewps	/usr/bin/pixiewps	pixiewps
pkill	/usr/bin/pkill	/usr/bin/pgrep	procps
pl2pm	/usr/bin/pl2pm	/usr/bin/pl2pm	perl
pldd	/usr/bin/pldd	/usr/bin/pldd	libc-bin
plocate	/usr/bin/plocate	/usr/bin/plocate	plocate
pmap	/usr/bin/pmap	/usr/bin/pmap	procps
pmspike	/usr/bin/pmspike	/usr/bin/pmspike	spike
pod2html	/usr/bin/pod2html	/usr/bin/pod2html	perl
pod2man	/usr/bin/pod2man	/usr/bin/pod2man	perl
pod2text	/usr/bin/pod2text	/usr/bin/pod2text	perl
pod2usage	/usr/bin/pod2usage	/usr/bin/pod2usage	perl
podchecker	/usr/bin/podchecker	/usr/bin/podchecker	perl
podselect	/usr/bin/podselect	/usr/bin/podselect	libpod-parser-perl
poetry-dynamic-versioning	/usr/bin/poetry-dynamic-versioning	/usr/bin/poetry-dynamic-versioning	python3-poetry-dynamic-versioning
polenum	/usr/bin/polenum	/usr/bin/polenum	polenum
post_fuzz	/usr/bin/post_fuzz	/usr/bin/post_fuzz	spike
post_spike	/usr/bin/post_spike	/usr/bin/post_spike	spike
powershell-empire	/usr/bin/powershell-empire	/usr/bin/powershell-empire	powershell-empire
powersploit	/usr/bin/powersploit	/usr/bin/powersploit	powersploit
pr	/usr/bin/pr	/usr/bin/pr	coreutils
printenv	/usr/bin/printenv	/usr/bin/printenv	coreutils
printf	/usr/bin/printf	/usr/bin/printf	coreutils
prlimit	/usr/bin/prlimit	/usr/bin/prlimit	util-linux
procan	/usr/bin/procan	/usr/bin/procan	socat
profiles	/usr/bin/profiles	/usr/bin/profiles	samba
prosody2john	/usr/bin/prosody2john	/usr/share/john/prosody2john.py	john-data
prove	/usr/bin/prove	/usr/bin/prove	perl
proxychains	/usr/bin/proxychains	/usr/bin/proxychains4	proxychains4
proxychains4	/usr/bin/proxychains4	/usr/bin/proxychains4	proxychains4
proxychains4-daemon	/usr/bin/proxychains4-daemon	/usr/bin/proxychains4-daemon	proxychains4
proxytunnel	/usr/bin/proxytunnel	/usr/bin/proxytunnel	proxytunnel
prtstat	/usr/bin/prtstat	/usr/bin/prtstat	psmisc
ps	/usr/bin/ps	/usr/bin/ps	procps
ps_token2john	/usr/bin/ps_token2john	/usr/share/john/ps_token2john.py	john-data
pse2john	/usr/bin/pse2john	/usr/share/john/pse2john.py	john-data
psk-crack	/usr/bin/psk-crack	/usr/bin/psk-crack	ike-scan
pslog	/usr/bin/pslog	/usr/bin/pslog	psmisc
psql	/usr/bin/psql	/usr/share/postgresql-common/pg_wrapper	postgresql-client-common
pstat	/usr/bin/pstat	/usr/bin/pstat	sleuthkit
pstree	/usr/bin/pstree	/usr/bin/pstree	psmisc
pstree.x11	/usr/bin/pstree.x11	/usr/bin/pstree	psmisc
ptar	/usr/bin/ptar	/usr/bin/ptar	perl
ptardiff	/usr/bin/ptardiff	/usr/bin/ptardiff	perl
ptargrep	/usr/bin/ptargrep	/usr/bin/ptargrep	perl
pth-curl	/usr/bin/pth-curl	/usr/bin/pth-curl	passing-the-hash
pth-net	/usr/bin/pth-net	/usr/bin/pth-net	passing-the-hash
pth-rpcclient	/usr/bin/pth-rpcclient	/usr/bin/pth-rpcclient	passing-the-hash
pth-smbclient	/usr/bin/pth-smbclient	/usr/bin/pth-smbclient	passing-the-hash
pth-smbget	/usr/bin/pth-smbget	/usr/bin/pth-smbget	passing-the-hash
pth-sqsh	/usr/bin/pth-sqsh	/usr/bin/pth-sqsh	passing-the-hash
pth-winexe	/usr/bin/pth-winexe	/usr/bin/pth-winexe	passing-the-hash
pth-wmic	/usr/bin/pth-wmic	/usr/bin/pth-wmic	passing-the-hash
pth-wmis	/usr/bin/pth-wmis	/usr/bin/pth-wmis	passing-the-hash
ptx	/usr/bin/ptx	/usr/bin/ptx	coreutils
publicsuffixlist-download	/usr/bin/publicsuffixlist-download	/usr/bin/publicsuffixlist-download	python3-publicsuffixlist
pw-inspector	/usr/bin/pw-inspector	/usr/bin/pw-inspector	hydra
pwd	/usr/bin/pwd	/usr/bin/pwd	coreutils
pwdx	/usr/bin/pwdx	/usr/bin/pwdx	procps
pwnat	/usr/bin/pwnat	/usr/bin/pwnat	pwnat
pwsafe2john	/usr/bin/pwsafe2john	/usr/share/john/pwsafe2john.py	john-data
pwsh	/usr/bin/pwsh	/opt/microsoft/powershell/7/pwsh	powershell
py.test	/usr/bin/py.test	/usr/bin/py.test	python3-pytest
py.test-3	/usr/bin/py.test-3	/usr/bin/py.test	python3-pytest
py3clean	/usr/bin/py3clean	/usr/bin/py3clean	python3-minimal
py3compile	/usr/bin/py3compile	/usr/bin/py3compile	python3-minimal
py3versions	/usr/bin/py3versions	/usr/share/python3/py3versions.py	python3-minimal
pydoc	/usr/bin/pydoc	/usr/bin/pydoc3.14	python-is-python3
pydoc3	/usr/bin/pydoc3	/usr/bin/pydoc3.14	python3
pydoc3.14	/usr/bin/pydoc3.14	/usr/bin/pydoc3.14	python3.14
pygettext3	/usr/bin/pygettext3	/usr/bin/pygettext3.14	python3
pygettext3.14	/usr/bin/pygettext3.14	/usr/bin/pygettext3.14	python3.14
pygmentize	/usr/bin/pygmentize	/usr/bin/pygmentize	python3-pygments
pygrun	/usr/bin/pygrun	/usr/bin/pygrun	python3-antlr4
pyhtmlizer3	/usr/bin/pyhtmlizer3	/usr/bin/pyhtmlizer3	python3-twisted
pyi-archive_viewer	/usr/bin/pyi-archive_viewer	/usr/bin/pyi-archive_viewer	pyinstaller
pyi-bindepend	/usr/bin/pyi-bindepend	/usr/bin/pyi-bindepend	pyinstaller
pyi-grab_version	/usr/bin/pyi-grab_version	/usr/bin/pyi-grab_version	pyinstaller
pyi-makespec	/usr/bin/pyi-makespec	/usr/bin/pyi-makespec	pyinstaller
pyi-set_version	/usr/bin/pyi-set_version	/usr/bin/pyi-set_version	pyinstaller
pyinstaller	/usr/bin/pyinstaller	/usr/bin/pyinstaller	pyinstaller
pylnk3	/usr/bin/pylnk3	/usr/bin/pylnk3	python3-pylnk3
pyobfuscate	/usr/bin/pyobfuscate	/usr/bin/pyobfuscate	python3-obfuscator
pypykatz	/usr/bin/pypykatz	/usr/bin/pypykatz	python3-pypykatz
pyspnego-parse	/usr/bin/pyspnego-parse	/usr/bin/pyspnego-parse	python3-pyspnego
pytest	/usr/bin/pytest	/usr/bin/pytest	python3-pytest
pytest-3	/usr/bin/pytest-3	/usr/bin/pytest	python3-pytest
python	/usr/bin/python	/usr/bin/python3.14	python-is-python3
python-dotenv	/usr/bin/python-dotenv	/usr/bin/python-dotenv	python3-dotenv
python3	/usr/bin/python3	/usr/bin/python3.14	python3-minimal
python3-config	/usr/bin/python3-config	/usr/bin/x86_64-linux-gnu-python3.14-config	python3-dev
python3-qr	/usr/bin/python3-qr	/usr/bin/python3-qr	python3-qrcode
python3.14	/usr/bin/python3.14	/usr/bin/python3.14	python3.14-minimal
python3.14-config	/usr/bin/python3.14-config	/usr/bin/x86_64-linux-gnu-python3.14-config	python3.14-dev
pyvnc.py	/usr/bin/pyvnc.py	/usr/bin/pyvnc.py	python3-pyvnc
pywerview	/usr/bin/pywerview	/usr/bin/pywerview	python3-pywerview
qphotorec	/usr/bin/qphotorec	/usr/bin/qphotorec	testdisk
qr	/usr/bin/qr	/usr/bin/python3-qr	python3-qrcode
qsslcaudit	/usr/bin/qsslcaudit	/usr/bin/qsslcaudit	qsslcaudit
quake	/usr/bin/quake	/usr/bin/quake	spike
quakeserver	/usr/bin/quakeserver	/usr/bin/quakeserver	spike
r2	/usr/bin/r2	/usr/bin/radare2	radare2
r2agent	/usr/bin/r2agent	/usr/bin/r2agent	radare2
r2pm	/usr/bin/r2pm	/usr/bin/r2pm	radare2
r2r	/usr/bin/r2r	/usr/bin/r2r	radare2
r2sdb	/usr/bin/r2sdb	/usr/bin/r2sdb	radare2
rabin2	/usr/bin/rabin2	/usr/bin/rabin2	radare2
racc	/usr/bin/racc	/usr/bin/racc	racc
racc3.3	/usr/bin/racc3.3	/usr/bin/racc3.3	ruby3.3
radare2	/usr/bin/radare2	/usr/bin/radare2	radare2
radiff2	/usr/bin/radiff2	/usr/bin/radiff2	radare2
radius2john	/usr/bin/radius2john	/usr/share/john/radius2john.py	john-data
rafind2	/usr/bin/rafind2	/usr/bin/rafind2	radare2
ragg2	/usr/bin/ragg2	/usr/bin/ragg2	radare2
rahash2	/usr/bin/rahash2	/usr/bin/rahash2	radare2
rake	/usr/bin/rake	/usr/bin/rake	rake
rake3.3	/usr/bin/rake3.3	/usr/bin/rake3.3	ruby3.3
randpkt	/usr/bin/randpkt	/usr/bin/randpkt	wireshark-common
ranlib	/usr/bin/ranlib	/usr/bin/x86_64-linux-gnu-ranlib	binutils
rapatch2	/usr/bin/rapatch2	/usr/bin/rapatch2	radare2
rarun2	/usr/bin/rarun2	/usr/bin/rarun2	radare2
rasign2	/usr/bin/rasign2	/usr/bin/rasign2	radare2
rasm2	/usr/bin/rasm2	/usr/bin/rasm2	radare2
ravc2	/usr/bin/ravc2	/usr/bin/ravc2	radare2
rawshark	/usr/bin/rawshark	/usr/bin/rawshark	wireshark-common
rax2	/usr/bin/rax2	/usr/bin/rax2	radare2
rbash	/usr/bin/rbash	/usr/bin/bash	bash
rbs3.3	/usr/bin/rbs3.3	/usr/bin/rbs3.3	ruby3.3
rctest	/usr/bin/rctest	/usr/bin/rctest	bluez
rdbg	/usr/bin/rdbg	/usr/bin/rdbg3.3	ruby
rdbg3.3	/usr/bin/rdbg3.3	/usr/bin/rdbg3.3	ruby3.3
rdjpgcom	/usr/bin/rdjpgcom	/usr/bin/rdjpgcom	libjpeg-turbo-progs
rdma	/usr/bin/rdma	/usr/bin/rdma	iproute2
rdoc	/usr/bin/rdoc	/usr/bin/rdoc3.3	ruby
rdoc3.3	/usr/bin/rdoc3.3	/usr/bin/rdoc3.3	ruby3.3
readelf	/usr/bin/readelf	/usr/bin/x86_64-linux-gnu-readelf	binutils
readlink	/usr/bin/readlink	/usr/bin/readlink	coreutils
realpath	/usr/bin/realpath	/usr/bin/realpath	coreutils
reaver	/usr/bin/reaver	/usr/bin/reaver	reaver
recon-cli	/usr/bin/recon-cli	/usr/bin/recon-cli	recon-ng
recon-ng	/usr/bin/recon-ng	/usr/bin/recon-ng	recon-ng
recon-web	/usr/bin/recon-web	/usr/bin/recon-web	recon-ng
register-python-argcomplete	/usr/bin/register-python-argcomplete	/usr/bin/register-python-argcomplete	python3-argcomplete
reindexdb	/usr/bin/reindexdb	/usr/share/postgresql-common/pg_wrapper	postgresql-client-common
renice	/usr/bin/renice	/usr/bin/renice	bsdutils
reordercap	/usr/bin/reordercap	/usr/bin/reordercap	wireshark-common
replace	/usr/bin/replace	/usr/bin/replace	mariadb-client
replay	/usr/bin/replay	/usr/bin/replay	nikto
reset	/usr/bin/reset	/usr/bin/tset	ncurses-bin
resolve_stack_dump	/usr/bin/resolve_stack_dump	/usr/bin/resolve_stack_dump	mariadb-client
resolveip	/usr/bin/resolveip	/usr/bin/resolveip	mariadb-server-core
responder-BrowserListener	/usr/bin/responder-BrowserListener	/usr/share/responder/script	responder
responder-FindSQLSrv	/usr/bin/responder-FindSQLSrv	/usr/share/responder/script	responder
responder-Icmp-Redirect	/usr/bin/responder-Icmp-Redirect	/usr/share/responder/script	responder
responder-MultiRelay	/usr/bin/responder-MultiRelay	/usr/share/responder/script	responder
responder-RunFinger	/usr/bin/responder-RunFinger	/usr/share/responder/script	responder
restfulHarvest	/usr/bin/restfulHarvest	/usr/bin/restfulHarvest	theharvester
restic2john	/usr/bin/restic2john	/usr/share/john/restic2john.py	john-data
rfcomm	/usr/bin/rfcomm	/usr/bin/rfcomm	bluez
rgrep	/usr/bin/rgrep	/usr/bin/rgrep	grep
ri	/usr/bin/ri	/usr/bin/ri3.3	ruby
ri3.3	/usr/bin/ri3.3	/usr/bin/ri3.3	ruby3.3
rlogin-cwd	/usr/bin/rlogin-cwd	/usr/bin/expect_rlogin-cwd	expect
rm	/usr/bin/rm	/usr/bin/rm	coreutils
rmdir	/usr/bin/rmdir	/usr/bin/rmdir	coreutils
rmiregistry	/usr/bin/rmiregistry	/usr/lib/jvm/java-25-openjdk-amd64/bin/rmiregistry	unowned
rotatelogs	/usr/bin/rotatelogs	/usr/bin/rotatelogs	apache2-utils
routel	/usr/bin/routel	/usr/bin/routel	iproute2
rpcclient	/usr/bin/rpcclient	/usr/bin/rpcclient	smbclient
rpcinfo	/usr/bin/rpcinfo	/usr/bin/rpcinfo	rpcbind
rq	/usr/bin/rq	/usr/bin/rq	python3-rq
rqinfo	/usr/bin/rqinfo	/usr/bin/rqinfo	python3-rq
rqworker	/usr/bin/rqworker	/usr/bin/rqworker	python3-rq
rrsync	/usr/bin/rrsync	/usr/bin/rrsync	rsync
rsmangler	/usr/bin/rsmangler	/usr/bin/rsmangler	rsmangler
rsync	/usr/bin/rsync	/usr/bin/rsync	rsync
rsync-ssl	/usr/bin/rsync-ssl	/usr/bin/rsync-ssl	rsync
rtstat	/usr/bin/rtstat	/usr/bin/lnstat	iproute2
ruby	/usr/bin/ruby	/usr/bin/ruby3.3	ruby
ruby3.3	/usr/bin/ruby3.3	/usr/bin/ruby3.3	ruby3.3
run-parts	/usr/bin/run-parts	/usr/bin/run-parts	debianutils
run0	/usr/bin/run0	/usr/bin/systemd-run	systemd
runcon	/usr/bin/runcon	/usr/bin/runcon	coreutils
runscript	/usr/bin/runscript	/usr/bin/runscript	minicom
rview	/usr/bin/rview	/usr/bin/vim.basic	vim
rvim	/usr/bin/rvim	/usr/bin/vim.basic	vim
rwinrm	/usr/bin/rwinrm	/usr/bin/rwinrm	ruby-winrm
rwinrmcp	/usr/bin/rwinrmcp	/usr/bin/rwinrmcp	ruby-winrm-fs
rzsh	/usr/bin/rzsh	/usr/bin/zsh	zsh
sakis3g	/usr/bin/sakis3g	/usr/bin/sakis3g	sakis3g
samba-log-parser	/usr/bin/samba-log-parser	/usr/bin/samba-log-parser	samba-common-bin
samba-regedit	/usr/bin/samba-regedit	/usr/bin/samba-regedit	samba-common-bin
samdump2	/usr/bin/samdump2	/usr/bin/samdump2	samdump2
sap2john	/usr/bin/sap2john	/usr/share/john/sap2john.pl	john-data
sasquatch	/usr/bin/sasquatch	/usr/bin/sasquatch	sasquatch
sasquatch-v4be	/usr/bin/sasquatch-v4be	/usr/bin/sasquatch-v4be	sasquatch
savelog	/usr/bin/savelog	/usr/bin/savelog	debianutils
sbd	/usr/bin/sbd	/usr/bin/sbd	sbd
scalar	/usr/bin/scalar	/usr/bin/scalar	git
scalpel	/usr/bin/scalpel	/usr/bin/scalpel	scalpel
scapy	/usr/bin/scapy	/usr/bin/scapy	python3-scapy
scapy3	/usr/bin/scapy3	/usr/bin/scapy	python3-scapy
scp	/usr/bin/scp	/usr/bin/scp	openssh-client
scp1	/usr/bin/scp1	/usr/bin/scp1	openssh-client-ssh1
screen	/usr/bin/screen	/usr/bin/screen	screen
script	/usr/bin/script	/usr/bin/script	bsdutils
scriptlive	/usr/bin/scriptlive	/usr/bin/scriptlive	bsdutils
scriptreplay	/usr/bin/scriptreplay	/usr/bin/scriptreplay	bsdutils
sdiff	/usr/bin/sdiff	/usr/bin/sdiff	diffutils
sdptool	/usr/bin/sdptool	/usr/bin/sdptool	bluez
se-toolkit	/usr/bin/se-toolkit	/usr/bin/se-toolkit	set
searchsploit	/usr/bin/searchsploit	/usr/bin/searchsploit	exploitdb
sed	/usr/bin/sed	/usr/bin/sed	sed
select-default-iwrap	/usr/bin/select-default-iwrap	/usr/bin/select-default-iwrap	dictionaries-common
select-editor	/usr/bin/select-editor	/usr/bin/select-editor	sensible-utils
sendEmail	/usr/bin/sendEmail	/usr/bin/sendEmail	sendemail
sendemail	/usr/bin/sendemail	/usr/bin/sendEmail	sendemail
sendmsrpc	/usr/bin/sendmsrpc	/usr/bin/sendmsrpc	spike
sense2john	/usr/bin/sense2john	/usr/share/john/sense2john.py	john-data
sensible-browser	/usr/bin/sensible-browser	/usr/bin/sensible-browser	sensible-utils
sensible-editor	/usr/bin/sensible-editor	/usr/bin/sensible-editor	sensible-utils
sensible-pager	/usr/bin/sensible-pager	/usr/bin/sensible-pager	sensible-utils
sensible-terminal	/usr/bin/sensible-terminal	/usr/bin/sensible-terminal	sensible-utils
seq	/usr/bin/seq	/usr/bin/seq	coreutils
setarch	/usr/bin/setarch	/usr/bin/setarch	util-linux
setcifsacl	/usr/bin/setcifsacl	/usr/bin/setcifsacl	cifs-utils
setoolkit	/usr/bin/setoolkit	/usr/bin/setoolkit	set
setpriv	/usr/bin/setpriv	/usr/bin/setpriv	util-linux
setsid	/usr/bin/setsid	/usr/bin/setsid	util-linux
setterm	/usr/bin/setterm	/usr/bin/setterm	util-linux
sftp	/usr/bin/sftp	/usr/bin/sftp	openssh-client
sh	/usr/bin/sh	/usr/bin/dash	dash
sha1deep	/usr/bin/sha1deep	/usr/bin/sha1deep	hashdeep
sha1sum	/usr/bin/sha1sum	/usr/bin/sha1sum	coreutils
sha224sum	/usr/bin/sha224sum	/usr/bin/sha224sum	coreutils
sha256deep	/usr/bin/sha256deep	/usr/bin/sha256deep	hashdeep
sha256sum	/usr/bin/sha256sum	/usr/bin/sha256sum	coreutils
sha384sum	/usr/bin/sha384sum	/usr/bin/sha384sum	coreutils
sha512sum	/usr/bin/sha512sum	/usr/bin/sha512sum	coreutils
sharesec	/usr/bin/sharesec	/usr/bin/sharesec	samba
sharkd	/usr/bin/sharkd	/usr/bin/sharkd	wireshark-common
shasum	/usr/bin/shasum	/usr/bin/shasum	perl
shodan	/usr/bin/shodan	/usr/bin/shodan	python3-shodan
shred	/usr/bin/shred	/usr/bin/shred	coreutils
shuf	/usr/bin/shuf	/usr/bin/shuf	coreutils
sigfind	/usr/bin/sigfind	/usr/bin/sigfind	sleuthkit
signal2john	/usr/bin/signal2john	/usr/share/john/signal2john.py	john-data
sipdump2john	/usr/bin/sipdump2john	/usr/share/john/sipdump2john.py	john-data
size	/usr/bin/size	/usr/bin/x86_64-linux-gnu-size	binutils
skill	/usr/bin/skill	/usr/bin/skill	procps
skipfish	/usr/bin/skipfish	/usr/bin/skipfish	skipfish
slabtop	/usr/bin/slabtop	/usr/bin/slabtop	procps
sleep	/usr/bin/sleep	/usr/bin/sleep	coreutils
smb2-quota	/usr/bin/smb2-quota	/usr/bin/smb2-quota	cifs-utils
smbcacls	/usr/bin/smbcacls	/usr/bin/smbcacls	smbclient
smbclient	/usr/bin/smbclient	/usr/bin/smbclient	smbclient
smbcontrol	/usr/bin/smbcontrol	/usr/bin/smbcontrol	samba-common-bin
smbcquotas	/usr/bin/smbcquotas	/usr/bin/smbcquotas	smbclient
smbget	/usr/bin/smbget	/usr/bin/smbget	smbclient
smbinfo	/usr/bin/smbinfo	/usr/bin/smbinfo	cifs-utils
smbmap	/usr/bin/smbmap	/usr/bin/smbmap	smbmap
smbpasswd	/usr/bin/smbpasswd	/usr/bin/smbpasswd	samba-common-bin
smbspool	/usr/bin/smbspool	/usr/bin/smbspool	smbclient
smbstatus	/usr/bin/smbstatus	/usr/bin/smbstatus	samba
smbtar	/usr/bin/smbtar	/usr/bin/smbtar	smbclient
smbtree	/usr/bin/smbtree	/usr/bin/smbtree	smbclient
snice	/usr/bin/snice	/usr/bin/skill	procps
snmp-bridge-mib	/usr/bin/snmp-bridge-mib	/usr/bin/snmp-bridge-mib	snmp
snmp-check	/usr/bin/snmp-check	/usr/bin/snmp-check	snmpcheck
snmpbulkget	/usr/bin/snmpbulkget	/usr/bin/snmpbulkget	snmp
snmpbulkwalk	/usr/bin/snmpbulkwalk	/usr/bin/snmpbulkwalk	snmp
snmpcheck	/usr/bin/snmpcheck	/usr/bin/snmpcheck	snmp
snmpconf	/usr/bin/snmpconf	/usr/bin/snmpconf	snmp
snmpdelta	/usr/bin/snmpdelta	/usr/bin/snmpdelta	snmp
snmpdf	/usr/bin/snmpdf	/usr/bin/snmpdf	snmp
snmpget	/usr/bin/snmpget	/usr/bin/snmpget	snmp
snmpgetnext	/usr/bin/snmpgetnext	/usr/bin/snmpgetnext	snmp
snmpinform	/usr/bin/snmpinform	/usr/bin/snmptrap	snmp
snmpkey	/usr/bin/snmpkey	/usr/bin/snmpkey	libnet-snmp-perl
snmpnetstat	/usr/bin/snmpnetstat	/usr/bin/snmpnetstat	snmp
snmpping	/usr/bin/snmpping	/usr/bin/snmpping	snmp
snmpps	/usr/bin/snmpps	/usr/bin/snmpps	snmp
snmpset	/usr/bin/snmpset	/usr/bin/snmpset	snmp
snmpstatus	/usr/bin/snmpstatus	/usr/bin/snmpstatus	snmp
snmptable	/usr/bin/snmptable	/usr/bin/snmptable	snmp
snmptest	/usr/bin/snmptest	/usr/bin/snmptest	snmp
snmptls	/usr/bin/snmptls	/usr/bin/snmptls	snmp
snmptranslate	/usr/bin/snmptranslate	/usr/bin/snmptranslate	snmp
snmptrap	/usr/bin/snmptrap	/usr/bin/snmptrap	snmp
snmpusm	/usr/bin/snmpusm	/usr/bin/snmpusm	snmp
snmpvacm	/usr/bin/snmpvacm	/usr/bin/snmpvacm	snmp
snmpwalk	/usr/bin/snmpwalk	/usr/bin/snmpwalk	snmp
socat	/usr/bin/socat	/usr/bin/socat1	socat
socat-broker.sh	/usr/bin/socat-broker.sh	/usr/bin/socat-broker.sh	socat
socat-chain.sh	/usr/bin/socat-chain.sh	/usr/bin/socat-chain.sh	socat
socat-mux.sh	/usr/bin/socat-mux.sh	/usr/bin/socat-mux.sh	socat
socat1	/usr/bin/socat1	/usr/bin/socat1	socat
sort	/usr/bin/sort	/usr/bin/sort	coreutils
sorter	/usr/bin/sorter	/usr/bin/sorter	sleuthkit
sp32	/usr/bin/sp32	/usr/bin/sp64	statsprocessor
sp64	/usr/bin/sp64	/usr/bin/sp64	statsprocessor
spiderfoot	/usr/bin/spiderfoot	/usr/bin/spiderfoot	spiderfoot
spiderfoot-cli	/usr/bin/spiderfoot-cli	/usr/bin/spiderfoot-cli	spiderfoot
splain	/usr/bin/splain	/usr/bin/splain	perl
split	/usr/bin/split	/usr/bin/split	coreutils
spooftooph	/usr/bin/spooftooph	/usr/bin/spooftooph	spooftooph
sqlite3	/usr/bin/sqlite3	/usr/bin/sqlite3	sqlite3
sqlmap	/usr/bin/sqlmap	/usr/share/sqlmap/sqlmap.py	sqlmap
sqlmapapi	/usr/bin/sqlmapapi	/usr/share/sqlmap/sqlmapapi.py	sqlmap
sqsh	/usr/bin/sqsh	/usr/bin/sqsh	sqsh
sqv	/usr/bin/sqv	/usr/bin/sqv	sqv
srch_strings	/usr/bin/srch_strings	/usr/bin/srch_strings	sleuthkit
ss	/usr/bin/ss	/usr/bin/ss	iproute2
ss_spike	/usr/bin/ss_spike	/usr/bin/ss_spike	spike
ssh	/usr/bin/ssh	/usr/bin/ssh	openssh-client
ssh-add	/usr/bin/ssh-add	/usr/bin/ssh-add	openssh-client
ssh-agent	/usr/bin/ssh-agent	/usr/bin/ssh-agent	openssh-client
ssh-argv0	/usr/bin/ssh-argv0	/usr/bin/ssh-argv0	openssh-client
ssh-copy-id	/usr/bin/ssh-copy-id	/usr/bin/ssh-copy-id	openssh-client
ssh-keygen	/usr/bin/ssh-keygen	/usr/bin/ssh-keygen	openssh-common
ssh-keygen1	/usr/bin/ssh-keygen1	/usr/bin/ssh-keygen1	openssh-client-ssh1
ssh-keyscan	/usr/bin/ssh-keyscan	/usr/bin/ssh-keyscan	openssh-client
ssh1	/usr/bin/ssh1	/usr/bin/ssh1	openssh-client-ssh1
ssh2john	/usr/bin/ssh2john	/usr/share/john/ssh2john.py	john-data
sshmitm	/usr/bin/sshmitm	/usr/bin/sshmitm	dsniff
sshow	/usr/bin/sshow	/usr/bin/sshow	dsniff
ssldump	/usr/bin/ssldump	/usr/bin/ssldump	ssldump
sslscan	/usr/bin/sslscan	/usr/bin/sslscan	sslscan
sslsplit	/usr/bin/sslsplit	/usr/bin/sslsplit	sslsplit
sslyze	/usr/bin/sslyze	/usr/bin/sslyze	sslyze
sspr2john	/usr/bin/sspr2john	/usr/share/john/sspr2john.py	john-data
starkiller	/usr/bin/starkiller	/usr/bin/starkiller	powershell-empire
starkiller-start	/usr/bin/starkiller-start	/usr/bin/starkiller-start	powershell-empire
starkiller-stop	/usr/bin/starkiller-stop	/usr/bin/starkiller-stop	powershell-empire
staroffice2john	/usr/bin/staroffice2john	/usr/share/john/staroffice2john.py	john-data
stat	/usr/bin/stat	/usr/bin/stat	coreutils
statd_spike	/usr/bin/statd_spike	/usr/bin/statd_spike	spike
stdbuf	/usr/bin/stdbuf	/usr/bin/stdbuf	coreutils
stone-py	/usr/bin/stone-py	/usr/bin/stone-py	python3-stone
streamzip	/usr/bin/streamzip	/usr/bin/streamzip	perl
strings	/usr/bin/strings	/usr/bin/x86_64-linux-gnu-strings	binutils
strip	/usr/bin/strip	/usr/bin/x86_64-linux-gnu-strip	binutils
strip2john	/usr/bin/strip2john	/usr/share/john/strip2john.py	john-data
stty	/usr/bin/stty	/usr/bin/stty	coreutils
stunnel	/usr/bin/stunnel	/usr/bin/stunnel	stunnel
stunnel3	/usr/bin/stunnel3	/usr/bin/stunnel3	stunnel
stunnel4	/usr/bin/stunnel4	/usr/bin/stunnel	stunnel4
su	/usr/bin/su	/usr/bin/su	util-linux
sudo	/usr/bin/sudo	/usr/bin/sudo	sudo
sudoedit	/usr/bin/sudoedit	/usr/bin/sudo	sudo
sudoreplay	/usr/bin/sudoreplay	/usr/bin/sudoreplay	sudo
sum	/usr/bin/sum	/usr/bin/sum	coreutils
sunrpcfuzz	/usr/bin/sunrpcfuzz	/usr/bin/sunrpcfuzz	spike
swaks	/usr/bin/swaks	/usr/bin/swaks	swaks
sync	/usr/bin/sync	/usr/bin/sync	coreutils
syntax_suggest3.3	/usr/bin/syntax_suggest3.3	/usr/bin/syntax_suggest3.3	ruby3.3
systemctl	/usr/bin/systemctl	/usr/bin/systemctl	systemd
systemd-ac-power	/usr/bin/systemd-ac-power	/usr/bin/systemd-ac-power	systemd
systemd-analyze	/usr/bin/systemd-analyze	/usr/bin/systemd-analyze	systemd
systemd-ask-password	/usr/bin/systemd-ask-password	/usr/bin/systemd-ask-password	systemd
systemd-cat	/usr/bin/systemd-cat	/usr/bin/systemd-cat	systemd
systemd-cgls	/usr/bin/systemd-cgls	/usr/bin/systemd-cgls	systemd
systemd-cgtop	/usr/bin/systemd-cgtop	/usr/bin/systemd-cgtop	systemd
systemd-confext	/usr/bin/systemd-confext	/usr/bin/systemd-sysext	systemd
systemd-creds	/usr/bin/systemd-creds	/usr/bin/systemd-creds	systemd
systemd-delta	/usr/bin/systemd-delta	/usr/bin/systemd-delta	systemd
systemd-detect-virt	/usr/bin/systemd-detect-virt	/usr/bin/systemd-detect-virt	systemd
systemd-escape	/usr/bin/systemd-escape	/usr/bin/systemd-escape	systemd
systemd-firstboot	/usr/bin/systemd-firstboot	/usr/bin/systemd-firstboot	systemd
systemd-hwdb	/usr/bin/systemd-hwdb	/usr/bin/systemd-hwdb	udev
systemd-id128	/usr/bin/systemd-id128	/usr/bin/systemd-id128	systemd
systemd-inhibit	/usr/bin/systemd-inhibit	/usr/bin/systemd-inhibit	systemd
systemd-machine-id-setup	/usr/bin/systemd-machine-id-setup	/usr/bin/systemd-machine-id-setup	systemd
systemd-mount	/usr/bin/systemd-mount	/usr/bin/systemd-mount	systemd
systemd-mute-console	/usr/bin/systemd-mute-console	/usr/bin/systemd-mute-console	systemd
systemd-notify	/usr/bin/systemd-notify	/usr/bin/systemd-notify	systemd
systemd-path	/usr/bin/systemd-path	/usr/bin/systemd-path	systemd
systemd-pty-forward	/usr/bin/systemd-pty-forward	/usr/bin/systemd-pty-forward	systemd
systemd-run	/usr/bin/systemd-run	/usr/bin/systemd-run	systemd
systemd-socket-activate	/usr/bin/systemd-socket-activate	/usr/bin/systemd-socket-activate	systemd
systemd-stdio-bridge	/usr/bin/systemd-stdio-bridge	/usr/bin/systemd-stdio-bridge	systemd
systemd-sysext	/usr/bin/systemd-sysext	/usr/bin/systemd-sysext	systemd
systemd-sysinstall	/usr/bin/systemd-sysinstall	/usr/bin/systemd-sysinstall	systemd
systemd-sysusers	/usr/bin/systemd-sysusers	/usr/bin/systemd-sysusers	systemd
systemd-tmpfiles	/usr/bin/systemd-tmpfiles	/usr/bin/systemd-tmpfiles	systemd
systemd-tty-ask-password-agent	/usr/bin/systemd-tty-ask-password-agent	/usr/bin/systemd-tty-ask-password-agent	systemd
systemd-umount	/usr/bin/systemd-umount	/usr/bin/systemd-mount	systemd
systemd-vpick	/usr/bin/systemd-vpick	/usr/bin/systemd-vpick	systemd
tabs	/usr/bin/tabs	/usr/bin/tabs	ncurses-bin
tabulate	/usr/bin/tabulate	/usr/bin/tabulate	python3-tabulate
tac	/usr/bin/tac	/usr/bin/tac	coreutils
tail	/usr/bin/tail	/usr/bin/tail	coreutils
tar	/usr/bin/tar	/usr/bin/tar	tar
tasksel	/usr/bin/tasksel	/usr/bin/tasksel	tasksel
taskset	/usr/bin/taskset	/usr/bin/taskset	util-linux
tclsh8.6	/usr/bin/tclsh8.6	/usr/bin/tclsh8.6	tcl8.6
tclsh9.0	/usr/bin/tclsh9.0	/usr/bin/tclsh9.0	tcl9.0
tcpbridge	/usr/bin/tcpbridge	/usr/bin/tcpbridge	tcpreplay
tcpcapinfo	/usr/bin/tcpcapinfo	/usr/bin/tcpcapinfo	tcpreplay
tcpdump	/usr/bin/tcpdump	/usr/bin/tcpdump	tcpdump
tcpkill	/usr/bin/tcpkill	/usr/bin/tcpkill	dsniff
tcpliveplay	/usr/bin/tcpliveplay	/usr/bin/tcpliveplay	tcpreplay
tcpnice	/usr/bin/tcpnice	/usr/bin/tcpnice	dsniff
tcpprep	/usr/bin/tcpprep	/usr/bin/tcpprep	tcpreplay
tcpreplay	/usr/bin/tcpreplay	/usr/bin/tcpreplay	tcpreplay
tcpreplay-edit	/usr/bin/tcpreplay-edit	/usr/bin/tcpreplay-edit	tcpreplay
tcprewrite	/usr/bin/tcprewrite	/usr/bin/tcprewrite	tcpreplay
tee	/usr/bin/tee	/usr/bin/tee	coreutils
telegram2john	/usr/bin/telegram2john	/usr/share/john/telegram2john.py	john-data
telnet	/usr/bin/telnet	/usr/bin/inetutils-telnet	inetutils-telnet
tempfile	/usr/bin/tempfile	/usr/bin/tempfile	debianutils
teredo-mire	/usr/bin/teredo-mire	/usr/bin/teredo-mire	miredo
test	/usr/bin/test	/usr/bin/test	coreutils
testdisk	/usr/bin/testdisk	/usr/bin/testdisk	testdisk
testparm	/usr/bin/testparm	/usr/bin/testparm	samba-common-bin
text2pcap	/usr/bin/text2pcap	/usr/bin/text2pcap	wireshark-common
tezos2john	/usr/bin/tezos2john	/usr/share/john/tezos2john.py	john-data
tftp	/usr/bin/tftp	/usr/bin/tftp	tftp-hpa
thc-pptp-bruter	/usr/bin/thc-pptp-bruter	/usr/bin/thc-pptp-bruter	thc-pptp-bruter
theHarvester	/usr/bin/theHarvester	/usr/bin/theHarvester	theharvester
theharvester	/usr/bin/theharvester	/usr/bin/theharvester	theharvester
tic	/usr/bin/tic	/usr/bin/tic	ncurses-bin
tigerdeep	/usr/bin/tigerdeep	/usr/bin/tigerdeep	hashdeep
timed-read	/usr/bin/timed-read	/usr/bin/expect_timed-read	expect
timed-run	/usr/bin/timed-run	/usr/bin/expect_timed-run	expect
timedatectl	/usr/bin/timedatectl	/usr/bin/timedatectl	systemd
timeout	/usr/bin/timeout	/usr/bin/timeout	coreutils
tjbench	/usr/bin/tjbench	/usr/bin/tjbench	libjpeg-turbo-progs
tkconch3	/usr/bin/tkconch3	/usr/bin/tkconch3	python3-twisted
tknewsbiff	/usr/bin/tknewsbiff	/usr/bin/expect_tknewsbiff	expect
tkpasswd	/usr/bin/tkpasswd	/usr/bin/expect_tkpasswd	expect
tload	/usr/bin/tload	/usr/bin/tload	procps
tmux	/usr/bin/tmux	/usr/bin/tmux	tmux
tnftp	/usr/bin/tnftp	/usr/bin/tnftp	tnftp
toe	/usr/bin/toe	/usr/bin/toe	ncurses-bin
top	/usr/bin/top	/usr/bin/top	procps
touch	/usr/bin/touch	/usr/bin/touch	coreutils
tpm-nvsize	/usr/bin/tpm-nvsize	/usr/bin/tpm-nvsize	vboot-utils
tpmc	/usr/bin/tpmc	/usr/bin/tpmc	vboot-utils
tput	/usr/bin/tput	/usr/bin/tput	ncurses-bin
tqdm	/usr/bin/tqdm	/usr/bin/tqdm	python3-tqdm
tr	/usr/bin/tr	/usr/bin/tr	coreutils
traceproto	/usr/bin/traceproto	/usr/bin/traceproto.db	traceroute
traceproto.db	/usr/bin/traceproto.db	/usr/bin/traceproto.db	traceroute
traceroute	/usr/bin/traceroute	/usr/bin/traceroute.db	traceroute
traceroute-nanog	/usr/bin/traceroute-nanog	/usr/bin/traceroute-nanog	traceroute
traceroute.db	/usr/bin/traceroute.db	/usr/bin/traceroute.db	traceroute
traceroute6	/usr/bin/traceroute6	/usr/bin/traceroute.db	traceroute
traceroute6.db	/usr/bin/traceroute6.db	/usr/bin/traceroute.db	traceroute
tree	/usr/bin/tree	/usr/bin/tree	tree
trial3	/usr/bin/trial3	/usr/bin/trial3	python3-twisted
true	/usr/bin/true	/usr/bin/true	coreutils
truecrypt2john	/usr/bin/truecrypt2john	/usr/share/john/truecrypt2john.py	john-data
truncate	/usr/bin/truncate	/usr/bin/truncate	coreutils
tset	/usr/bin/tset	/usr/bin/tset	ncurses-bin
tshark	/usr/bin/tshark	/usr/bin/tshark	tshark
tsk_comparedir	/usr/bin/tsk_comparedir	/usr/bin/tsk_comparedir	sleuthkit
tsk_gettimes	/usr/bin/tsk_gettimes	/usr/bin/tsk_gettimes	sleuthkit
tsk_imageinfo	/usr/bin/tsk_imageinfo	/usr/bin/tsk_imageinfo	sleuthkit
tsk_loaddb	/usr/bin/tsk_loaddb	/usr/bin/tsk_loaddb	sleuthkit
tsk_recover	/usr/bin/tsk_recover	/usr/bin/tsk_recover	sleuthkit
tsort	/usr/bin/tsort	/usr/bin/tsort	coreutils
tty	/usr/bin/tty	/usr/bin/tty	coreutils
twist3	/usr/bin/twist3	/usr/bin/twist3	python3-twisted
twistd3	/usr/bin/twistd3	/usr/bin/twistd3	python3-twisted
typeprof3.3	/usr/bin/typeprof3.3	/usr/bin/typeprof3.3	ruby3.3
tzselect	/usr/bin/tzselect	/usr/bin/tzselect	libc-bin
ucf	/usr/bin/ucf	/usr/bin/ucf	ucf
ucfq	/usr/bin/ucfq	/usr/bin/ucfq	ucf
ucfr	/usr/bin/ucfr	/usr/bin/ucfr	ucf
uclampset	/usr/bin/uclampset	/usr/bin/uclampset	util-linux
udevadm	/usr/bin/udevadm	/usr/bin/udevadm	udev
udptunnel	/usr/bin/udptunnel	/usr/bin/udptunnel	udptunnel
umount	/usr/bin/umount	/usr/bin/umount	mount
uname	/usr/bin/uname	/usr/bin/uname	coreutils
unbuffer	/usr/bin/unbuffer	/usr/bin/expect_unbuffer	expect
uncompress	/usr/bin/uncompress	/usr/bin/gunzip	gzip
unexpand	/usr/bin/unexpand	/usr/bin/unexpand	coreutils
unicorn-magic	/usr/bin/unicorn-magic	/usr/bin/unicorn-magic	unicorn-magic
uniq	/usr/bin/uniq	/usr/bin/uniq	coreutils
unix-privesc-check	/usr/bin/unix-privesc-check	/usr/bin/unix-privesc-check	unix-privesc-check
unix2dos	/usr/bin/unix2dos	/usr/bin/unix2dos	dos2unix
unix2mac	/usr/bin/unix2mac	/usr/bin/unix2dos	dos2unix
unlink	/usr/bin/unlink	/usr/bin/unlink	coreutils
unmkinitramfs	/usr/bin/unmkinitramfs	/usr/bin/unmkinitramfs	initramfs-tools-bin
unrar	/usr/bin/unrar	/usr/bin/unrar-nonfree	unrar
unrar-nonfree	/usr/bin/unrar-nonfree	/usr/bin/unrar-nonfree	unrar
unshare	/usr/bin/unshare	/usr/bin/unshare	util-linux
unzip	/usr/bin/unzip	/usr/bin/unzip	unzip
unzipsfx	/usr/bin/unzipsfx	/usr/bin/unzipsfx	unzip
update-alternatives	/usr/bin/update-alternatives	/usr/bin/update-alternatives	dpkg
update-mime-database	/usr/bin/update-mime-database	/usr/bin/update-mime-database	shared-mime-info
update-perl-sax-parsers	/usr/bin/update-perl-sax-parsers	/usr/bin/update-perl-sax-parsers	libxml-sax-perl
update_rubygems	/usr/bin/update_rubygems	/usr/bin/update_rubygems	ruby-rubygems
updatedb	/usr/bin/updatedb	/usr/sbin/updatedb.plocate	plocate
uptime	/usr/bin/uptime	/usr/bin/uptime	procps
upx	/usr/bin/upx	/usr/bin/upx-ucl	upx-ucl
upx-ucl	/usr/bin/upx-ucl	/usr/bin/upx-ucl	upx-ucl
urlsnarf	/usr/bin/urlsnarf	/usr/bin/urlsnarf	dsniff
usb-devices	/usr/bin/usb-devices	/usr/bin/usb-devices	usbutils
usbhid-dump	/usr/bin/usbhid-dump	/usr/bin/usbhid-dump	usbutils
usbreset	/usr/bin/usbreset	/usr/bin/usbreset	usbutils
users	/usr/bin/users	/usr/bin/users	coreutils
usnjls	/usr/bin/usnjls	/usr/bin/usnjls	sleuthkit
vacuumdb	/usr/bin/vacuumdb	/usr/share/postgresql-common/pg_wrapper	postgresql-client-common
vacuumlo	/usr/bin/vacuumlo	/usr/share/postgresql-common/pg_wrapper	postgresql-client-common
validate-patterns	/usr/bin/validate-patterns	/usr/bin/validate-patterns	python3-stix2-patterns
varlinkctl	/usr/bin/varlinkctl	/usr/bin/varlinkctl	systemd
vbutil_firmware	/usr/bin/vbutil_firmware	/usr/bin/futility	vboot-utils
vbutil_kernel	/usr/bin/vbutil_kernel	/usr/bin/futility	vboot-kernel-utils
vbutil_key	/usr/bin/vbutil_key	/usr/bin/futility	vboot-utils
vbutil_keyblock	/usr/bin/vbutil_keyblock	/usr/bin/futility	vboot-utils
vdi2john	/usr/bin/vdi2john	/usr/share/john/vdi2john.pl	john-data
vdir	/usr/bin/vdir	/usr/bin/vdir	coreutils
vi	/usr/bin/vi	/usr/bin/vim.basic	vim
view	/usr/bin/view	/usr/bin/vim.basic	vim
viewres	/usr/bin/viewres	/usr/bin/viewres	x11-utils
vim	/usr/bin/vim	/usr/bin/vim.basic	vim
vim.basic	/usr/bin/vim.basic	/usr/bin/vim.basic	vim
vimdiff	/usr/bin/vimdiff	/usr/bin/vim.basic	vim
vimtutor	/usr/bin/vimtutor	/usr/bin/vimtutor	vim-runtime
virtualenv	/usr/bin/virtualenv	/usr/bin/virtualenv	python3-virtualenv
vmstat	/usr/bin/vmstat	/usr/bin/vmstat	procps
vmx2john	/usr/bin/vmx2john	/usr/share/john/vmx2john.py	john-data
voiphopper	/usr/bin/voiphopper	/usr/bin/voiphopper	voiphopper
w	/usr/bin/w	/usr/bin/w	procps
wafw00f	/usr/bin/wafw00f	/usr/bin/wafw00f	wafw00f
wall	/usr/bin/wall	/usr/bin/wall	bsdutils
wash	/usr/bin/wash	/usr/bin/reaver	reaver
watch	/usr/bin/watch	/usr/bin/watch	procps
wc	/usr/bin/wc	/usr/bin/wc	coreutils
wce	/usr/bin/wce	/usr/bin/wce	wce
wcurl	/usr/bin/wcurl	/usr/bin/wcurl	curl
weasyprint	/usr/bin/weasyprint	/usr/bin/weasyprint	weasyprint
webfuzz	/usr/bin/webfuzz	/usr/bin/webfuzz	spike
webmitm	/usr/bin/webmitm	/usr/bin/webmitm	dsniff
webshells	/usr/bin/webshells	/usr/bin/webshells	webshells
websockets	/usr/bin/websockets	/usr/bin/websockets	python3-websockets
websockify	/usr/bin/websockify	/usr/bin/websockify	python3-websockify
webspy	/usr/bin/webspy	/usr/bin/webspy	dsniff
weevely	/usr/bin/weevely	/usr/share/weevely/weevely.py	weevely
wfuzz	/usr/bin/wfuzz	/usr/bin/wfuzz	wfuzz
wget	/usr/bin/wget	/usr/bin/wget	wget
whatweb	/usr/bin/whatweb	/usr/bin/whatweb	whatweb
whereis	/usr/bin/whereis	/usr/bin/whereis	util-linux
which	/usr/bin/which	/usr/bin/which.debianutils	debianutils
which.debianutils	/usr/bin/which.debianutils	/usr/bin/which.debianutils	debianutils
whirlpooldeep	/usr/bin/whirlpooldeep	/usr/bin/whirlpooldeep	hashdeep
who	/usr/bin/who	/usr/bin/who	coreutils
whoami	/usr/bin/whoami	/usr/bin/whoami	coreutils
whois	/usr/bin/whois	/usr/bin/whois	whois
windows-binaries	/usr/bin/windows-binaries	/usr/bin/windows-binaries	windows-binaries
windows-resources	/usr/bin/windows-resources	/usr/bin/windows-resources	windows-binaries
winexe	/usr/bin/winexe	/usr/bin/winexe	samba-common-bin
winpeas	/usr/bin/winpeas	/usr/bin/winpeas	peass
wireshark	/usr/bin/wireshark	/usr/bin/wireshark	wireshark
wordlists	/usr/bin/wordlists	/usr/bin/wordlists	wordlists
wpaclean	/usr/bin/wpaclean	/usr/bin/wpaclean	aircrack-ng
wpscan	/usr/bin/wpscan	/usr/bin/wpscan	wpscan
wrjpgcom	/usr/bin/wrjpgcom	/usr/bin/wrjpgcom	libjpeg-turbo-progs
wsdump	/usr/bin/wsdump	/usr/bin/wsdump	python3-websocket
wsrep_sst_backup	/usr/bin/wsrep_sst_backup	/usr/bin/wsrep_sst_backup	mariadb-server
wsrep_sst_common	/usr/bin/wsrep_sst_common	/usr/bin/wsrep_sst_common	mariadb-server
wsrep_sst_mariabackup	/usr/bin/wsrep_sst_mariabackup	/usr/bin/wsrep_sst_mariabackup	mariadb-server
wsrep_sst_mysqldump	/usr/bin/wsrep_sst_mysqldump	/usr/bin/wsrep_sst_mysqldump	mariadb-server
wsrep_sst_rsync	/usr/bin/wsrep_sst_rsync	/usr/bin/wsrep_sst_rsync	mariadb-server
wsrep_sst_rsync_wan	/usr/bin/wsrep_sst_rsync_wan	/usr/bin/wsrep_sst_rsync	mariadb-server
x-www-browser	/usr/bin/x-www-browser	/usr/bin/chromium	chromium
x11_spike	/usr/bin/x11_spike	/usr/bin/x11_spike	spike
x86_64	/usr/bin/x86_64	/usr/bin/setarch	util-linux
x86_64-linux-gnu-addr2line	/usr/bin/x86_64-linux-gnu-addr2line	/usr/bin/x86_64-linux-gnu-addr2line	binutils-x86-64-linux-gnu
x86_64-linux-gnu-ar	/usr/bin/x86_64-linux-gnu-ar	/usr/bin/x86_64-linux-gnu-ar	binutils-x86-64-linux-gnu
x86_64-linux-gnu-as	/usr/bin/x86_64-linux-gnu-as	/usr/bin/x86_64-linux-gnu-as	binutils-x86-64-linux-gnu
x86_64-linux-gnu-c++filt	/usr/bin/x86_64-linux-gnu-c++filt	/usr/bin/x86_64-linux-gnu-c++filt	binutils-x86-64-linux-gnu
x86_64-linux-gnu-elfedit	/usr/bin/x86_64-linux-gnu-elfedit	/usr/bin/x86_64-linux-gnu-elfedit	binutils-x86-64-linux-gnu
x86_64-linux-gnu-gprof	/usr/bin/x86_64-linux-gnu-gprof	/usr/bin/x86_64-linux-gnu-gprof	binutils-x86-64-linux-gnu
x86_64-linux-gnu-ld	/usr/bin/x86_64-linux-gnu-ld	/usr/bin/x86_64-linux-gnu-ld.bfd	binutils-x86-64-linux-gnu
x86_64-linux-gnu-ld.bfd	/usr/bin/x86_64-linux-gnu-ld.bfd	/usr/bin/x86_64-linux-gnu-ld.bfd	binutils-x86-64-linux-gnu
x86_64-linux-gnu-nm	/usr/bin/x86_64-linux-gnu-nm	/usr/bin/x86_64-linux-gnu-nm	binutils-x86-64-linux-gnu
x86_64-linux-gnu-objcopy	/usr/bin/x86_64-linux-gnu-objcopy	/usr/bin/x86_64-linux-gnu-objcopy	binutils-x86-64-linux-gnu
x86_64-linux-gnu-objdump	/usr/bin/x86_64-linux-gnu-objdump	/usr/bin/x86_64-linux-gnu-objdump	binutils-x86-64-linux-gnu
x86_64-linux-gnu-python3-config	/usr/bin/x86_64-linux-gnu-python3-config	/usr/bin/x86_64-linux-gnu-python3.14-config	libpython3-dev:amd64
x86_64-linux-gnu-python3.14-config	/usr/bin/x86_64-linux-gnu-python3.14-config	/usr/bin/x86_64-linux-gnu-python3.14-config	libpython3.14-dev:amd64
x86_64-linux-gnu-ranlib	/usr/bin/x86_64-linux-gnu-ranlib	/usr/bin/x86_64-linux-gnu-ranlib	binutils-x86-64-linux-gnu
x86_64-linux-gnu-readelf	/usr/bin/x86_64-linux-gnu-readelf	/usr/bin/x86_64-linux-gnu-readelf	binutils-x86-64-linux-gnu
x86_64-linux-gnu-size	/usr/bin/x86_64-linux-gnu-size	/usr/bin/x86_64-linux-gnu-size	binutils-x86-64-linux-gnu
x86_64-linux-gnu-strings	/usr/bin/x86_64-linux-gnu-strings	/usr/bin/x86_64-linux-gnu-strings	binutils-x86-64-linux-gnu
x86_64-linux-gnu-strip	/usr/bin/x86_64-linux-gnu-strip	/usr/bin/x86_64-linux-gnu-strip	binutils-x86-64-linux-gnu
x86_64-w64-mingw32-addr2line	/usr/bin/x86_64-w64-mingw32-addr2line	/usr/bin/x86_64-w64-mingw32-addr2line	binutils-mingw-w64-x86-64
x86_64-w64-mingw32-ar	/usr/bin/x86_64-w64-mingw32-ar	/usr/bin/x86_64-w64-mingw32-ar	binutils-mingw-w64-x86-64
x86_64-w64-mingw32-as	/usr/bin/x86_64-w64-mingw32-as	/usr/bin/x86_64-w64-mingw32-as	binutils-mingw-w64-x86-64
x86_64-w64-mingw32-c++filt	/usr/bin/x86_64-w64-mingw32-c++filt	/usr/bin/x86_64-w64-mingw32-c++filt	binutils-mingw-w64-x86-64
x86_64-w64-mingw32-cpp	/usr/bin/x86_64-w64-mingw32-cpp	/usr/bin/x86_64-w64-mingw32-cpp-win32	gcc-mingw-w64-x86-64-win32
x86_64-w64-mingw32-cpp-win32	/usr/bin/x86_64-w64-mingw32-cpp-win32	/usr/bin/x86_64-w64-mingw32-cpp-win32	gcc-mingw-w64-x86-64-win32
x86_64-w64-mingw32-dlltool	/usr/bin/x86_64-w64-mingw32-dlltool	/usr/bin/x86_64-w64-mingw32-dlltool	binutils-mingw-w64-x86-64
x86_64-w64-mingw32-dllwrap	/usr/bin/x86_64-w64-mingw32-dllwrap	/usr/bin/x86_64-w64-mingw32-dllwrap	binutils-mingw-w64-x86-64
x86_64-w64-mingw32-elfedit	/usr/bin/x86_64-w64-mingw32-elfedit	/usr/bin/x86_64-w64-mingw32-elfedit	binutils-mingw-w64-x86-64
x86_64-w64-mingw32-gcc	/usr/bin/x86_64-w64-mingw32-gcc	/usr/bin/x86_64-w64-mingw32-gcc-win32	gcc-mingw-w64-x86-64-win32
x86_64-w64-mingw32-gcc-15	/usr/bin/x86_64-w64-mingw32-gcc-15	/usr/bin/x86_64-w64-mingw32-gcc-15-win32	gcc-mingw-w64-x86-64-win32
x86_64-w64-mingw32-gcc-15-win32	/usr/bin/x86_64-w64-mingw32-gcc-15-win32	/usr/bin/x86_64-w64-mingw32-gcc-15-win32	gcc-mingw-w64-x86-64-win32
x86_64-w64-mingw32-gcc-ar	/usr/bin/x86_64-w64-mingw32-gcc-ar	/usr/bin/x86_64-w64-mingw32-gcc-ar-win32	gcc-mingw-w64-x86-64-win32
x86_64-w64-mingw32-gcc-ar-win32	/usr/bin/x86_64-w64-mingw32-gcc-ar-win32	/usr/bin/x86_64-w64-mingw32-gcc-ar-win32	gcc-mingw-w64-x86-64-win32
x86_64-w64-mingw32-gcc-nm	/usr/bin/x86_64-w64-mingw32-gcc-nm	/usr/bin/x86_64-w64-mingw32-gcc-nm-win32	gcc-mingw-w64-x86-64-win32
x86_64-w64-mingw32-gcc-nm-win32	/usr/bin/x86_64-w64-mingw32-gcc-nm-win32	/usr/bin/x86_64-w64-mingw32-gcc-nm-win32	gcc-mingw-w64-x86-64-win32
x86_64-w64-mingw32-gcc-ranlib	/usr/bin/x86_64-w64-mingw32-gcc-ranlib	/usr/bin/x86_64-w64-mingw32-gcc-ranlib-win32	gcc-mingw-w64-x86-64-win32
x86_64-w64-mingw32-gcc-ranlib-win32	/usr/bin/x86_64-w64-mingw32-gcc-ranlib-win32	/usr/bin/x86_64-w64-mingw32-gcc-ranlib-win32	gcc-mingw-w64-x86-64-win32
x86_64-w64-mingw32-gcc-win32	/usr/bin/x86_64-w64-mingw32-gcc-win32	/usr/bin/x86_64-w64-mingw32-gcc-win32	gcc-mingw-w64-x86-64-win32
x86_64-w64-mingw32-gcov	/usr/bin/x86_64-w64-mingw32-gcov	/usr/bin/x86_64-w64-mingw32-gcov-win32	gcc-mingw-w64-x86-64-win32
x86_64-w64-mingw32-gcov-dump	/usr/bin/x86_64-w64-mingw32-gcov-dump	/usr/bin/x86_64-w64-mingw32-gcov-dump-win32	gcc-mingw-w64-x86-64-win32
x86_64-w64-mingw32-gcov-dump-win32	/usr/bin/x86_64-w64-mingw32-gcov-dump-win32	/usr/bin/x86_64-w64-mingw32-gcov-dump-win32	gcc-mingw-w64-x86-64-win32
x86_64-w64-mingw32-gcov-tool	/usr/bin/x86_64-w64-mingw32-gcov-tool	/usr/bin/x86_64-w64-mingw32-gcov-tool-win32	gcc-mingw-w64-x86-64-win32
x86_64-w64-mingw32-gcov-tool-win32	/usr/bin/x86_64-w64-mingw32-gcov-tool-win32	/usr/bin/x86_64-w64-mingw32-gcov-tool-win32	gcc-mingw-w64-x86-64-win32
x86_64-w64-mingw32-gcov-win32	/usr/bin/x86_64-w64-mingw32-gcov-win32	/usr/bin/x86_64-w64-mingw32-gcov-win32	gcc-mingw-w64-x86-64-win32
x86_64-w64-mingw32-gprof	/usr/bin/x86_64-w64-mingw32-gprof	/usr/bin/x86_64-w64-mingw32-gprof	binutils-mingw-w64-x86-64
x86_64-w64-mingw32-ld	/usr/bin/x86_64-w64-mingw32-ld	/usr/bin/x86_64-w64-mingw32-ld.bfd	binutils-mingw-w64-x86-64
x86_64-w64-mingw32-ld.bfd	/usr/bin/x86_64-w64-mingw32-ld.bfd	/usr/bin/x86_64-w64-mingw32-ld.bfd	binutils-mingw-w64-x86-64
x86_64-w64-mingw32-lto-dump-win32	/usr/bin/x86_64-w64-mingw32-lto-dump-win32	/usr/bin/x86_64-w64-mingw32-lto-dump-win32	gcc-mingw-w64-x86-64-win32
x86_64-w64-mingw32-nm	/usr/bin/x86_64-w64-mingw32-nm	/usr/bin/x86_64-w64-mingw32-nm	binutils-mingw-w64-x86-64
x86_64-w64-mingw32-objcopy	/usr/bin/x86_64-w64-mingw32-objcopy	/usr/bin/x86_64-w64-mingw32-objcopy	binutils-mingw-w64-x86-64
x86_64-w64-mingw32-objdump	/usr/bin/x86_64-w64-mingw32-objdump	/usr/bin/x86_64-w64-mingw32-objdump	binutils-mingw-w64-x86-64
x86_64-w64-mingw32-ranlib	/usr/bin/x86_64-w64-mingw32-ranlib	/usr/bin/x86_64-w64-mingw32-ranlib	binutils-mingw-w64-x86-64
x86_64-w64-mingw32-readelf	/usr/bin/x86_64-w64-mingw32-readelf	/usr/bin/x86_64-w64-mingw32-readelf	binutils-mingw-w64-x86-64
x86_64-w64-mingw32-size	/usr/bin/x86_64-w64-mingw32-size	/usr/bin/x86_64-w64-mingw32-size	binutils-mingw-w64-x86-64
x86_64-w64-mingw32-strings	/usr/bin/x86_64-w64-mingw32-strings	/usr/bin/x86_64-w64-mingw32-strings	binutils-mingw-w64-x86-64
x86_64-w64-mingw32-strip	/usr/bin/x86_64-w64-mingw32-strip	/usr/bin/x86_64-w64-mingw32-strip	binutils-mingw-w64-x86-64
x86_64-w64-mingw32-windmc	/usr/bin/x86_64-w64-mingw32-windmc	/usr/bin/x86_64-w64-mingw32-windmc	binutils-mingw-w64-x86-64
x86_64-w64-mingw32-windres	/usr/bin/x86_64-w64-mingw32-windres	/usr/bin/x86_64-w64-mingw32-windres	binutils-mingw-w64-x86-64
xargs	/usr/bin/xargs	/usr/bin/xargs	findutils
xdg-desktop-icon	/usr/bin/xdg-desktop-icon	/usr/bin/xdg-desktop-icon	xdg-utils
xdg-desktop-menu	/usr/bin/xdg-desktop-menu	/usr/bin/xdg-desktop-menu	xdg-utils
xdg-email	/usr/bin/xdg-email	/usr/bin/xdg-email	xdg-utils
xdg-icon-resource	/usr/bin/xdg-icon-resource	/usr/bin/xdg-icon-resource	xdg-utils
xdg-mime	/usr/bin/xdg-mime	/usr/bin/xdg-mime	xdg-utils
xdg-open	/usr/bin/xdg-open	/usr/bin/xdg-open	xdg-utils
xdg-screensaver	/usr/bin/xdg-screensaver	/usr/bin/xdg-screensaver	xdg-utils
xdg-settings	/usr/bin/xdg-settings	/usr/bin/xdg-settings	xdg-utils
xdpyinfo	/usr/bin/xdpyinfo	/usr/bin/xdpyinfo	x11-utils
xdriinfo	/usr/bin/xdriinfo	/usr/bin/xdriinfo	x11-utils
xev	/usr/bin/xev	/usr/bin/xev	x11-utils
xfd	/usr/bin/xfd	/usr/bin/xfd	x11-utils
xfontsel	/usr/bin/xfontsel	/usr/bin/xfontsel	x11-utils
xkibitz	/usr/bin/xkibitz	/usr/bin/expect_xkibitz	expect
xkill	/usr/bin/xkill	/usr/bin/xkill	x11-utils
xlsatoms	/usr/bin/xlsatoms	/usr/bin/xlsatoms	x11-utils
xlsclients	/usr/bin/xlsclients	/usr/bin/xlsclients	x11-utils
xlsfonts	/usr/bin/xlsfonts	/usr/bin/xlsfonts	x11-utils
xmessage	/usr/bin/xmessage	/usr/bin/xmessage	x11-utils
xminicom	/usr/bin/xminicom	/usr/bin/xminicom	minicom
xmlcatalog	/usr/bin/xmlcatalog	/usr/bin/xmlcatalog	libxml2-utils
xmllint	/usr/bin/xmllint	/usr/bin/xmllint	libxml2-utils
xprop	/usr/bin/xprop	/usr/bin/xprop	x11-utils
xpstat	/usr/bin/xpstat	/usr/bin/expect_xpstat	expect
xsubpp	/usr/bin/xsubpp	/usr/bin/xsubpp	perl
xvinfo	/usr/bin/xvinfo	/usr/bin/xvinfo	x11-utils
xwininfo	/usr/bin/xwininfo	/usr/bin/xwininfo	x11-utils
xxd	/usr/bin/xxd	/usr/bin/xxd	xxd
yes	/usr/bin/yes	/usr/bin/yes	coreutils
ypdomainname	/usr/bin/ypdomainname	/usr/bin/hostname	hostname
zcat	/usr/bin/zcat	/usr/bin/zcat	gzip
zcmp	/usr/bin/zcmp	/usr/bin/zcmp	gzip
zdiff	/usr/bin/zdiff	/usr/bin/zdiff	gzip
zdump	/usr/bin/zdump	/usr/bin/zdump	libc-bin
zed2john	/usr/bin/zed2john	/usr/share/john/zed2john.py	john-data
zegrep	/usr/bin/zegrep	/usr/bin/zegrep	gzip
zfgrep	/usr/bin/zfgrep	/usr/bin/zfgrep	gzip
zforce	/usr/bin/zforce	/usr/bin/zforce	gzip
zgrep	/usr/bin/zgrep	/usr/bin/zgrep	gzip
zip	/usr/bin/zip	/usr/bin/zip	zip
zipcloak	/usr/bin/zipcloak	/usr/bin/zipcloak	zip
zipdetails	/usr/bin/zipdetails	/usr/bin/zipdetails	perl
zipgrep	/usr/bin/zipgrep	/usr/bin/zipgrep	unzip
zipinfo	/usr/bin/zipinfo	/usr/bin/zipinfo	unzip
zipnote	/usr/bin/zipnote	/usr/bin/zipnote	zip
zipsplit	/usr/bin/zipsplit	/usr/bin/zipsplit	zip
zless	/usr/bin/zless	/usr/bin/zless	gzip
zmore	/usr/bin/zmore	/usr/bin/zmore	gzip
znew	/usr/bin/znew	/usr/bin/znew	gzip
zsh	/usr/bin/zsh	/usr/bin/zsh	zsh
nuclei	/usr/local/bin/nuclei	/usr/local/bin/nuclei	projectdiscovery-nuclei
SIPdump	/usr/sbin/SIPdump	/usr/sbin/SIPdump	john
a2disconf	/usr/sbin/a2disconf	/usr/sbin/a2enmod	apache2
a2dismod	/usr/sbin/a2dismod	/usr/sbin/a2enmod	apache2
a2dissite	/usr/sbin/a2dissite	/usr/sbin/a2enmod	apache2
a2enconf	/usr/sbin/a2enconf	/usr/sbin/a2enmod	apache2
a2enmod	/usr/sbin/a2enmod	/usr/sbin/a2enmod	apache2
a2ensite	/usr/sbin/a2ensite	/usr/sbin/a2enmod	apache2
a2query	/usr/sbin/a2query	/usr/sbin/a2query	apache2
add-shell	/usr/sbin/add-shell	/usr/sbin/add-shell	debianutils
addgroup	/usr/sbin/addgroup	/usr/sbin/adduser	adduser
adduser	/usr/sbin/adduser	/usr/sbin/adduser	adduser
agetty	/usr/sbin/agetty	/usr/sbin/agetty	util-linux
airbase-ng	/usr/sbin/airbase-ng	/usr/sbin/airbase-ng	aircrack-ng
aireplay-ng	/usr/sbin/aireplay-ng	/usr/sbin/aireplay-ng	aircrack-ng
airmon-ng	/usr/sbin/airmon-ng	/usr/sbin/airmon-ng	aircrack-ng
airodump-ng	/usr/sbin/airodump-ng	/usr/sbin/airodump-ng	aircrack-ng
airodump-ng-oui-update	/usr/sbin/airodump-ng-oui-update	/usr/sbin/airodump-ng-oui-update	aircrack-ng
airserv-ng	/usr/sbin/airserv-ng	/usr/sbin/airserv-ng	aircrack-ng
airtun-ng	/usr/sbin/airtun-ng	/usr/sbin/airtun-ng	aircrack-ng
airventriloquist-ng	/usr/sbin/airventriloquist-ng	/usr/sbin/airventriloquist-ng	aircrack-ng
apache2	/usr/sbin/apache2	/usr/sbin/apache2	apache2-bin
apache2ctl	/usr/sbin/apache2ctl	/usr/sbin/apache2ctl	apache2
apachectl	/usr/sbin/apachectl	/usr/sbin/apache2ctl	apache2
arp	/usr/sbin/arp	/usr/sbin/arp	net-tools
arp-fingerprint	/usr/sbin/arp-fingerprint	/usr/sbin/arp-fingerprint	arp-scan
arp-scan	/usr/sbin/arp-scan	/usr/sbin/arp-scan	arp-scan
arpd	/usr/sbin/arpd	/usr/sbin/arpd	iproute2
arping	/usr/sbin/arping	/usr/sbin/arping	arping
aspell-autobuildhash	/usr/sbin/aspell-autobuildhash	/usr/sbin/aspell-autobuildhash	dictionaries-common
astraceroute	/usr/sbin/astraceroute	/usr/sbin/astraceroute	netsniff-ng
atftpd	/usr/sbin/atftpd	/usr/sbin/atftpd	atftpd
base64conv	/usr/sbin/base64conv	/usr/lib/john/john-avx512bw-omp	john
besside-ng	/usr/sbin/besside-ng	/usr/sbin/besside-ng	aircrack-ng
biosdecode	/usr/sbin/biosdecode	/usr/sbin/biosdecode	dmidecode
bitlocker2john	/usr/sbin/bitlocker2john	/usr/sbin/bitlocker2john	john
blkdeactivate	/usr/sbin/blkdeactivate	/usr/sbin/blkdeactivate	dmsetup
blkdiscard	/usr/sbin/blkdiscard	/usr/sbin/blkdiscard	util-linux
blkid	/usr/sbin/blkid	/usr/sbin/blkid	util-linux
blockdev	/usr/sbin/blockdev	/usr/sbin/blockdev	util-linux
bluetoothd	/usr/sbin/bluetoothd	/usr/libexec/bluetooth/bluetoothd	bluez
bpfc	/usr/sbin/bpfc	/usr/sbin/bpfc	netsniff-ng
bridge	/usr/sbin/bridge	/usr/sbin/bridge	iproute2
bucts	/usr/sbin/bucts	/usr/sbin/bucts	coreboot-utils
calc_stat	/usr/sbin/calc_stat	/usr/sbin/calc_stat	john
capsh	/usr/sbin/capsh	/usr/sbin/capsh	libcap2-bin
cbfs-compression-tool	/usr/sbin/cbfs-compression-tool	/usr/sbin/cbfs-compression-tool	coreboot-utils
cbfstool	/usr/sbin/cbfstool	/usr/sbin/cbfstool	coreboot-utils
cbmem	/usr/sbin/cbmem	/usr/sbin/cbmem	coreboot-utils
cgdisk	/usr/sbin/cgdisk	/usr/sbin/cgdisk	gdisk
check_forensic	/usr/sbin/check_forensic	/usr/sbin/check_forensic	apache2-utils
chgpasswd	/usr/sbin/chgpasswd	/usr/sbin/chgpasswd	passwd
chntpw	/usr/sbin/chntpw	/usr/sbin/chntpw	chntpw
chpasswd	/usr/sbin/chpasswd	/usr/sbin/chpasswd	passwd
chroot	/usr/sbin/chroot	/usr/sbin/chroot	coreutils
cifs.idmap	/usr/sbin/cifs.idmap	/usr/sbin/cifs.idmap	cifs-utils
cifs.upcall	/usr/sbin/cifs.upcall	/usr/sbin/cifs.upcall	cifs-utils
cprepair	/usr/sbin/cprepair	/usr/sbin/cprepair	john
cryptdisks_start	/usr/sbin/cryptdisks_start	/usr/sbin/cryptdisks_start	cryptsetup
cryptdisks_stop	/usr/sbin/cryptdisks_stop	/usr/sbin/cryptdisks_stop	cryptsetup
cryptsetup	/usr/sbin/cryptsetup	/usr/sbin/cryptsetup	cryptsetup-bin
curvetun	/usr/sbin/curvetun	/usr/sbin/curvetun	netsniff-ng
dcb	/usr/sbin/dcb	/usr/sbin/dcb	iproute2
debian-update-rc.d	/usr/sbin/debian-update-rc.d	/usr/sbin/debian-update-rc.d	init-system-helpers
delgroup	/usr/sbin/delgroup	/usr/sbin/deluser	adduser
deluser	/usr/sbin/deluser	/usr/sbin/deluser	adduser
depmod	/usr/sbin/depmod	/usr/bin/kmod	kmod
devlink	/usr/sbin/devlink	/usr/sbin/devlink	iproute2
dmg2john	/usr/sbin/dmg2john	/usr/sbin/dmg2john	john
dmidecode	/usr/sbin/dmidecode	/usr/sbin/dmidecode	dmidecode
dmsetup	/usr/sbin/dmsetup	/usr/sbin/dmsetup	dmsetup
dmstats	/usr/sbin/dmstats	/usr/sbin/dmsetup	dmsetup
dpkg-preconfigure	/usr/sbin/dpkg-preconfigure	/usr/sbin/dpkg-preconfigure	debconf
dpkg-reconfigure	/usr/sbin/dpkg-reconfigure	/usr/sbin/dpkg-reconfigure	debconf
dpll	/usr/sbin/dpll	/usr/sbin/dpll	iproute2
eapmd5tojohn	/usr/sbin/eapmd5tojohn	/usr/sbin/eapmd5tojohn	john
easside-ng	/usr/sbin/easside-ng	/usr/sbin/easside-ng	aircrack-ng
ectool	/usr/sbin/ectool	/usr/sbin/ectool	coreboot-utils
elogtool	/usr/sbin/elogtool	/usr/sbin/elogtool	coreboot-utils
ethtool	/usr/sbin/ethtool	/usr/sbin/ethtool	ethtool
eventlogadm	/usr/sbin/eventlogadm	/usr/sbin/eventlogadm	samba
faillock	/usr/sbin/faillock	/usr/sbin/faillock	libpam-modules-bin
findfs	/usr/sbin/findfs	/usr/sbin/findfs	util-linux
fixparts	/usr/sbin/fixparts	/usr/sbin/fixparts	gdisk
flashrom	/usr/sbin/flashrom	/usr/sbin/flashrom	flashrom
flowtop	/usr/sbin/flowtop	/usr/sbin/flowtop	netsniff-ng
fmaptool	/usr/sbin/fmaptool	/usr/sbin/fmaptool	coreboot-utils
fsck	/usr/sbin/fsck	/usr/sbin/fsck	util-linux
fsfreeze	/usr/sbin/fsfreeze	/usr/sbin/fsfreeze	util-linux
fstab-decode	/usr/sbin/fstab-decode	/usr/sbin/fstab-decode	sysvinit-utils
fstrim	/usr/sbin/fstrim	/usr/sbin/fstrim	util-linux
gdisk	/usr/sbin/gdisk	/usr/sbin/gdisk	gdisk
genl	/usr/sbin/genl	/usr/sbin/genl	iproute2
genmkvpwd	/usr/sbin/genmkvpwd	/usr/sbin/genmkvpwd	john
get-iab	/usr/sbin/get-iab	/usr/sbin/get-iab	arp-scan
get-oui	/usr/sbin/get-oui	/usr/sbin/get-oui	arp-scan
getcap	/usr/sbin/getcap	/usr/sbin/getcap	libcap2-bin
getpcaps	/usr/sbin/getpcaps	/usr/sbin/getpcaps	libcap2-bin
getty	/usr/sbin/getty	/usr/sbin/agetty	util-linux
gpg2john	/usr/sbin/gpg2john	/usr/lib/john/john-avx512bw-omp	john
groupadd	/usr/sbin/groupadd	/usr/sbin/groupadd	passwd
groupdel	/usr/sbin/groupdel	/usr/sbin/groupdel	passwd
groupmod	/usr/sbin/groupmod	/usr/sbin/groupmod	passwd
grpck	/usr/sbin/grpck	/usr/sbin/grpck	passwd
grpconv	/usr/sbin/grpconv	/usr/sbin/grpconv	passwd
grpunconv	/usr/sbin/grpunconv	/usr/sbin/grpunconv	passwd
halt	/usr/sbin/halt	/usr/bin/systemctl	systemd-sysv
hccap2john	/usr/sbin/hccap2john	/usr/sbin/hccap2john	john
hping3	/usr/sbin/hping3	/usr/sbin/hping3	hping3
httxt2dbm	/usr/sbin/httxt2dbm	/usr/sbin/httxt2dbm	apache2-utils
hwloc-dump-hwdata	/usr/sbin/hwloc-dump-hwdata	/usr/sbin/hwloc-dump-hwdata	hwloc
i2c-stub-from-dump	/usr/sbin/i2c-stub-from-dump	/usr/sbin/i2c-stub-from-dump	i2c-tools
i2cdetect	/usr/sbin/i2cdetect	/usr/sbin/i2cdetect	i2c-tools
i2cdump	/usr/sbin/i2cdump	/usr/sbin/i2cdump	i2c-tools
i2cget	/usr/sbin/i2cget	/usr/sbin/i2cget	i2c-tools
i2cset	/usr/sbin/i2cset	/usr/sbin/i2cset	i2c-tools
i2ctransfer	/usr/sbin/i2ctransfer	/usr/sbin/i2ctransfer	i2c-tools
iconvconfig	/usr/sbin/iconvconfig	/usr/sbin/iconvconfig	libc-bin
ifconfig	/usr/sbin/ifconfig	/usr/sbin/ifconfig	net-tools
ifdown	/usr/sbin/ifdown	/usr/sbin/ifup	ifupdown
ifdtool	/usr/sbin/ifdtool	/usr/sbin/ifdtool	coreboot-utils
ifittool	/usr/sbin/ifittool	/usr/sbin/ifittool	coreboot-utils
ifpps	/usr/sbin/ifpps	/usr/sbin/ifpps	netsniff-ng
ifquery	/usr/sbin/ifquery	/usr/sbin/ifup	ifupdown
ifup	/usr/sbin/ifup	/usr/sbin/ifup	ifupdown
ifwitool	/usr/sbin/ifwitool	/usr/sbin/ifwitool	coreboot-utils
in.tftpd	/usr/sbin/in.tftpd	/usr/sbin/atftpd	atftpd
init	/usr/sbin/init	/usr/lib/systemd/systemd	systemd-sysv
insmod	/usr/sbin/insmod	/usr/bin/kmod	kmod
installkernel	/usr/sbin/installkernel	/usr/sbin/installkernel	debianutils
integritysetup	/usr/sbin/integritysetup	/usr/sbin/integritysetup	cryptsetup-bin
intelmetool	/usr/sbin/intelmetool	/usr/sbin/intelmetool	coreboot-utils
inteltool	/usr/sbin/inteltool	/usr/sbin/inteltool	coreboot-utils
intelvbttool	/usr/sbin/intelvbttool	/usr/sbin/intelvbttool	coreboot-utils
invoke-rc.d	/usr/sbin/invoke-rc.d	/usr/sbin/invoke-rc.d	init-system-helpers
iodine	/usr/sbin/iodine	/usr/sbin/iodine	iodine
iodine-client-start	/usr/sbin/iodine-client-start	/usr/sbin/iodine-client-start	iodine
iodined	/usr/sbin/iodined	/usr/sbin/iodined	iodine
ip	/usr/sbin/ip	/usr/bin/ip	iproute2
ipmaddr	/usr/sbin/ipmaddr	/usr/sbin/ipmaddr	net-tools
iptunnel	/usr/sbin/iptunnel	/usr/sbin/iptunnel	net-tools
ispell-autobuildhash	/usr/sbin/ispell-autobuildhash	/usr/sbin/ispell-autobuildhash	dictionaries-common
iw	/usr/sbin/iw	/usr/sbin/iw	iw
john	/usr/sbin/john	/usr/lib/john/john-avx512bw-omp	john
keepass2john	/usr/sbin/keepass2john	/usr/sbin/keepass2john	john
key.dns_resolver	/usr/sbin/key.dns_resolver	/usr/sbin/key.dns_resolver	keyutils
killall5	/usr/sbin/killall5	/usr/sbin/killall5	sysvinit-utils
ldconfig	/usr/sbin/ldconfig	/usr/sbin/ldconfig	libc-bin
locale-gen	/usr/sbin/locale-gen	/usr/sbin/locale-gen	locales
logsave	/usr/sbin/logsave	/usr/sbin/logsave	logsave
losetup	/usr/sbin/losetup	/usr/sbin/losetup	mount
lsmod	/usr/sbin/lsmod	/usr/bin/kmod	kmod
luksformat	/usr/sbin/luksformat	/usr/sbin/luksformat	cryptsetup
mailer	/usr/sbin/mailer	/usr/sbin/mailer	john
make-ssl-cert	/usr/sbin/make-ssl-cert	/usr/sbin/make-ssl-cert	ssl-cert
mariadbd	/usr/sbin/mariadbd	/usr/sbin/mariadbd	mariadb-server-core
mausezahn	/usr/sbin/mausezahn	/usr/sbin/mausezahn	netsniff-ng
mii-tool	/usr/sbin/mii-tool	/usr/sbin/mii-tool	net-tools
miredo	/usr/sbin/miredo	/usr/sbin/miredo	miredo
miredo-checkconf	/usr/sbin/miredo-checkconf	/usr/sbin/miredo-checkconf	miredo
mkfs	/usr/sbin/mkfs	/usr/sbin/mkfs	util-linux
mkfs.ntfs	/usr/sbin/mkfs.ntfs	/usr/sbin/mkntfs	ntfs-3g
mkhomedir_helper	/usr/sbin/mkhomedir_helper	/usr/sbin/mkhomedir_helper	libpam-modules-bin
mkinitramfs	/usr/sbin/mkinitramfs	/usr/sbin/mkinitramfs	initramfs-tools-core
mkntfs	/usr/sbin/mkntfs	/usr/sbin/mkntfs	ntfs-3g
mkswap	/usr/sbin/mkswap	/usr/sbin/mkswap	util-linux
mkvcalcproba	/usr/sbin/mkvcalcproba	/usr/sbin/mkvcalcproba	john
modinfo	/usr/sbin/modinfo	/usr/bin/kmod	kmod
modprobe	/usr/sbin/modprobe	/usr/bin/kmod	kmod
mount.cifs	/usr/sbin/mount.cifs	/usr/sbin/mount.cifs	cifs-utils
mount.fuse	/usr/sbin/mount.fuse	/usr/sbin/mount.fuse3	fuse3
mount.fuse3	/usr/sbin/mount.fuse3	/usr/sbin/mount.fuse3	fuse3
mount.lowntfs-3g	/usr/sbin/mount.lowntfs-3g	/usr/bin/lowntfs-3g	ntfs-3g
mount.nfs	/usr/sbin/mount.nfs	/usr/sbin/mount.nfs	nfs-common
mount.nfs4	/usr/sbin/mount.nfs4	/usr/sbin/mount.nfs	nfs-common
mount.ntfs	/usr/sbin/mount.ntfs	/usr/bin/ntfs-3g	ntfs-3g
mount.ntfs-3g	/usr/sbin/mount.ntfs-3g	/usr/bin/ntfs-3g	ntfs-3g
mount.smb3	/usr/sbin/mount.smb3	/usr/sbin/mount.cifs	cifs-utils
mountstats	/usr/sbin/mountstats	/usr/sbin/mountstats	nfs-common
msrtool	/usr/sbin/msrtool	/usr/sbin/msrtool	coreboot-utils
mysqld	/usr/sbin/mysqld	/usr/sbin/mariadbd	mariadb-server-core
nameif	/usr/sbin/nameif	/usr/sbin/nameif	net-tools
netdiscover	/usr/sbin/netdiscover	/usr/sbin/netdiscover	netdiscover
netsniff-ng	/usr/sbin/netsniff-ng	/usr/sbin/netsniff-ng	netsniff-ng
newusers	/usr/sbin/newusers	/usr/sbin/newusers	passwd
nfsconf	/usr/sbin/nfsconf	/usr/sbin/nfsconf	nfs-common
nfsidmap	/usr/sbin/nfsidmap	/usr/sbin/nfsidmap	nfs-common
nfsiostat	/usr/sbin/nfsiostat	/usr/sbin/nfsiostat	nfs-common
nfsstat	/usr/sbin/nfsstat	/usr/sbin/nfsstat	nfs-common
nginx	/usr/sbin/nginx	/usr/sbin/nginx	nginx
nmbd	/usr/sbin/nmbd	/usr/sbin/nmbd	samba
nologin	/usr/sbin/nologin	/usr/sbin/nologin	login
ntfsclone	/usr/sbin/ntfsclone	/usr/sbin/ntfsclone	ntfs-3g
ntfscp	/usr/sbin/ntfscp	/usr/sbin/ntfscp	ntfs-3g
ntfslabel	/usr/sbin/ntfslabel	/usr/sbin/ntfslabel	ntfs-3g
ntfsresize	/usr/sbin/ntfsresize	/usr/sbin/ntfsresize	ntfs-3g
ntfsundelete	/usr/sbin/ntfsundelete	/usr/sbin/ntfsundelete	ntfs-3g
nvramtool	/usr/sbin/nvramtool	/usr/sbin/nvramtool	coreboot-utils
openvpn	/usr/sbin/openvpn	/usr/sbin/openvpn	openvpn
ownership	/usr/sbin/ownership	/usr/sbin/ownership	dmidecode
pam-auth-update	/usr/sbin/pam-auth-update	/usr/sbin/pam-auth-update	libpam-runtime
pam_getenv	/usr/sbin/pam_getenv	/usr/sbin/pam_getenv	libpam-runtime
pam_namespace_helper	/usr/sbin/pam_namespace_helper	/usr/sbin/pam_namespace_helper	libpam-modules-bin
pam_timestamp_check	/usr/sbin/pam_timestamp_check	/usr/sbin/pam_timestamp_check	libpam-modules-bin
parted	/usr/sbin/parted	/usr/sbin/parted	parted
partprobe	/usr/sbin/partprobe	/usr/sbin/partprobe	parted
pg_updatedicts	/usr/sbin/pg_updatedicts	/usr/sbin/pg_updatedicts	postgresql-common
phpdismod	/usr/sbin/phpdismod	/usr/sbin/phpenmod	php-common
phpenmod	/usr/sbin/phpenmod	/usr/sbin/phpenmod	php-common
phpquery	/usr/sbin/phpquery	/usr/sbin/phpquery	php-common
plipconfig	/usr/sbin/plipconfig	/usr/sbin/plipconfig	net-tools
plocate-build	/usr/sbin/plocate-build	/usr/sbin/plocate-build	plocate
pmh7tool	/usr/sbin/pmh7tool	/usr/sbin/pmh7tool	coreboot-utils
policy-rc.d	/usr/sbin/policy-rc.d	/usr/sbin/policy-rc.d	unowned
poweroff	/usr/sbin/poweroff	/usr/bin/systemctl	systemd-sysv
ptunnel	/usr/sbin/ptunnel	/usr/sbin/ptunnel	ptunnel
putty2john	/usr/sbin/putty2john	/usr/sbin/putty2john	john
pwck	/usr/sbin/pwck	/usr/sbin/pwck	passwd
pwconv	/usr/sbin/pwconv	/usr/sbin/pwconv	passwd
pwhistory_helper	/usr/sbin/pwhistory_helper	/usr/sbin/pwhistory_helper	libpam-modules-bin
pwunconv	/usr/sbin/pwunconv	/usr/sbin/pwunconv	passwd
racf2john	/usr/sbin/racf2john	/usr/sbin/racf2john	john
rar2john	/usr/sbin/rar2john	/usr/lib/john/john-avx512bw-omp	john
rarp	/usr/sbin/rarp	/usr/sbin/rarp	net-tools
raw2dyna	/usr/sbin/raw2dyna	/usr/sbin/raw2dyna	john
readprofile	/usr/sbin/readprofile	/usr/sbin/readprofile	util-linux
reboot	/usr/sbin/reboot	/usr/bin/systemctl	systemd-sysv
redsocks	/usr/sbin/redsocks	/usr/sbin/redsocks	redsocks
reged	/usr/sbin/reged	/usr/sbin/reged	chntpw
remove-default-ispell	/usr/sbin/remove-default-ispell	/usr/sbin/remove-default-ispell	dictionaries-common
remove-default-wordlist	/usr/sbin/remove-default-wordlist	/usr/sbin/remove-default-wordlist	dictionaries-common
remove-shell	/usr/sbin/remove-shell	/usr/sbin/remove-shell	debianutils
request-key	/usr/sbin/request-key	/usr/sbin/request-key	keyutils
responder	/usr/sbin/responder	/usr/sbin/responder	responder
responder-DHCP_Auto	/usr/sbin/responder-DHCP_Auto	/usr/sbin/responder-DHCP_Auto	responder
rfkill	/usr/sbin/rfkill	/usr/sbin/rfkill	rfkill
rmmod	/usr/sbin/rmmod	/usr/bin/kmod	kmod
rmodtool	/usr/sbin/rmodtool	/usr/sbin/rmodtool	coreboot-utils
rmt	/usr/sbin/rmt	/usr/sbin/rmt-tar	tar
rmt-tar	/usr/sbin/rmt-tar	/usr/sbin/rmt-tar	tar
route	/usr/sbin/route	/usr/sbin/route	net-tools
rpc.gssd	/usr/sbin/rpc.gssd	/usr/sbin/rpc.gssd	nfs-common
rpc.idmapd	/usr/sbin/rpc.idmapd	/usr/sbin/rpc.idmapd	nfs-common
rpc.statd	/usr/sbin/rpc.statd	/usr/sbin/rpc.statd	nfs-common
rpc.svcgssd	/usr/sbin/rpc.svcgssd	/usr/sbin/rpc.svcgssd	nfs-common
rpcbind	/usr/sbin/rpcbind	/usr/sbin/rpcbind	rpcbind
rpcctl	/usr/sbin/rpcctl	/usr/sbin/rpcctl	nfs-common
rpcdebug	/usr/sbin/rpcdebug	/usr/sbin/rpcdebug	nfs-common
rpcinfo	/usr/sbin/rpcinfo	/usr/bin/rpcinfo	rpcbind
rtacct	/usr/sbin/rtacct	/usr/sbin/rtacct	iproute2
rtcwake	/usr/sbin/rtcwake	/usr/sbin/rtcwake	util-linux
rtmon	/usr/sbin/rtmon	/usr/sbin/rtmon	iproute2
runuser	/usr/sbin/runuser	/usr/sbin/runuser	util-linux
sampasswd	/usr/sbin/sampasswd	/usr/sbin/sampasswd	chntpw
samunlock	/usr/sbin/samunlock	/usr/sbin/samunlock	chntpw
samusrgrp	/usr/sbin/samusrgrp	/usr/sbin/samusrgrp	chntpw
scrounge-ntfs	/usr/sbin/scrounge-ntfs	/usr/sbin/scrounge-ntfs	scrounge-ntfs
select-default-ispell	/usr/sbin/select-default-ispell	/usr/sbin/select-default-ispell	dictionaries-common
select-default-wordlist	/usr/sbin/select-default-wordlist	/usr/sbin/select-default-wordlist	dictionaries-common
service	/usr/sbin/service	/usr/sbin/service	init-system-helpers
setcap	/usr/sbin/setcap	/usr/sbin/setcap	libcap2-bin
sgdisk	/usr/sbin/sgdisk	/usr/sbin/sgdisk	gdisk
shadowconfig	/usr/sbin/shadowconfig	/usr/sbin/shadowconfig	passwd
showmount	/usr/sbin/showmount	/usr/sbin/showmount	nfs-common
shutdown	/usr/sbin/shutdown	/usr/bin/systemctl	systemd-sysv
slattach	/usr/sbin/slattach	/usr/sbin/slattach	net-tools
sm-notify	/usr/sbin/sm-notify	/usr/sbin/sm-notify	nfs-common
smbd	/usr/sbin/smbd	/usr/sbin/smbd	samba
snmpd	/usr/sbin/snmpd	/usr/sbin/snmpd	snmpd
split-logfile	/usr/sbin/split-logfile	/usr/sbin/split-logfile	apache2-utils
sshd	/usr/sbin/sshd	/usr/sbin/sshd	openssh-server
sslh	/usr/sbin/sslh	/usr/sbin/sslh	sslh
sslh-ev	/usr/sbin/sslh-ev	/usr/sbin/sslh-ev	sslh
sslh-select	/usr/sbin/sslh-select	/usr/sbin/sslh-select	sslh
start-statd	/usr/sbin/start-statd	/usr/sbin/start-statd	nfs-common
start-stop-daemon	/usr/sbin/start-stop-daemon	/usr/sbin/start-stop-daemon	dpkg
sudo_logsrvd	/usr/sbin/sudo_logsrvd	/usr/sbin/sudo_logsrvd	sudo
sudo_sendlog	/usr/sbin/sudo_sendlog	/usr/sbin/sudo_sendlog	sudo
sulogin	/usr/sbin/sulogin	/usr/sbin/sulogin	util-linux
superiotool	/usr/sbin/superiotool	/usr/sbin/superiotool	coreboot-utils
swaplabel	/usr/sbin/swaplabel	/usr/sbin/swaplabel	util-linux
swapoff	/usr/sbin/swapoff	/usr/sbin/swapoff	mount
swapon	/usr/sbin/swapon	/usr/sbin/swapon	mount
sysctl	/usr/sbin/sysctl	/usr/sbin/sysctl	procps
tarcat	/usr/sbin/tarcat	/usr/sbin/tarcat	tar
tc	/usr/sbin/tc	/usr/sbin/tc	iproute2
tcpick	/usr/sbin/tcpick	/usr/sbin/tcpick	tcpick
tcptraceroute	/usr/sbin/tcptraceroute	/usr/sbin/tcptraceroute.db	traceroute
tcptraceroute.db	/usr/sbin/tcptraceroute.db	/usr/sbin/tcptraceroute.db	traceroute
tgtsnarf	/usr/sbin/tgtsnarf	/usr/sbin/tgtsnarf	john
tipc	/usr/sbin/tipc	/usr/sbin/tipc	iproute2
tkiptun-ng	/usr/sbin/tkiptun-ng	/usr/sbin/tkiptun-ng	aircrack-ng
traceroute	/usr/sbin/traceroute	/usr/bin/traceroute.db	traceroute
trafgen	/usr/sbin/trafgen	/usr/sbin/trafgen	netsniff-ng
uaf2john	/usr/sbin/uaf2john	/usr/sbin/uaf2john	john
umount.nfs	/usr/sbin/umount.nfs	/usr/sbin/mount.nfs	nfs-common
umount.nfs4	/usr/sbin/umount.nfs4	/usr/sbin/mount.nfs	nfs-common
unafs	/usr/sbin/unafs	/usr/lib/john/john-avx512bw-omp	john
undrop	/usr/sbin/undrop	/usr/lib/john/john-avx512bw-omp	john
unique	/usr/sbin/unique	/usr/lib/john/john-avx512bw-omp	john
unix_chkpwd	/usr/sbin/unix_chkpwd	/usr/sbin/unix_chkpwd	libpam-modules-bin
unix_update	/usr/sbin/unix_update	/usr/sbin/unix_update	libpam-modules-bin
unshadow	/usr/sbin/unshadow	/usr/lib/john/john-avx512bw-omp	john
update-ca-certificates	/usr/sbin/update-ca-certificates	/usr/sbin/update-ca-certificates	ca-certificates
update-default-aspell	/usr/sbin/update-default-aspell	/usr/sbin/update-dictcommon-aspell	dictionaries-common
update-default-ispell	/usr/sbin/update-default-ispell	/usr/sbin/update-default-ispell	dictionaries-common
update-default-wordlist	/usr/sbin/update-default-wordlist	/usr/sbin/update-default-wordlist	dictionaries-common
update-dictcommon-aspell	/usr/sbin/update-dictcommon-aspell	/usr/sbin/update-dictcommon-aspell	dictionaries-common
update-dictcommon-hunspell	/usr/sbin/update-dictcommon-hunspell	/usr/sbin/update-dictcommon-hunspell	dictionaries-common
update-icon-caches	/usr/sbin/update-icon-caches	/usr/sbin/update-icon-caches	gtk-update-icon-cache
update-ieee-data	/usr/sbin/update-ieee-data	/usr/sbin/update-ieee-data	ieee-data
update-inetd	/usr/sbin/update-inetd	/usr/sbin/update-inetd	update-inetd
update-initramfs	/usr/sbin/update-initramfs	/usr/sbin/update-initramfs	initramfs-tools
update-java-alternatives	/usr/sbin/update-java-alternatives	/usr/sbin/update-java-alternatives	java-common
update-locale	/usr/sbin/update-locale	/usr/sbin/update-locale	locales
update-passwd	/usr/sbin/update-passwd	/usr/sbin/update-passwd	base-passwd
update-rc.d	/usr/sbin/update-rc.d	/usr/sbin/update-rc.d	init-system-helpers
update-shells	/usr/sbin/update-shells	/usr/sbin/update-shells	debianutils
updatedb.plocate	/usr/sbin/updatedb.plocate	/usr/sbin/updatedb.plocate	plocate
useradd	/usr/sbin/useradd	/usr/sbin/useradd	passwd
userdel	/usr/sbin/userdel	/usr/sbin/userdel	passwd
usermod	/usr/sbin/usermod	/usr/sbin/usermod	passwd
validlocale	/usr/sbin/validlocale	/usr/sbin/validlocale	locales
vconfig	/usr/sbin/vconfig	/usr/sbin/vconfig	vlan
vdpa	/usr/sbin/vdpa	/usr/sbin/vdpa	iproute2
veritysetup	/usr/sbin/veritysetup	/usr/sbin/veritysetup	cryptsetup-bin
vigr	/usr/sbin/vigr	/usr/sbin/vipw	passwd
vipw	/usr/sbin/vipw	/usr/sbin/vipw	passwd
visudo	/usr/sbin/visudo	/usr/sbin/visudo	sudo
vncpcap2john	/usr/sbin/vncpcap2john	/usr/sbin/vncpcap2john	john
vpddecode	/usr/sbin/vpddecode	/usr/sbin/vpddecode	dmidecode
vpnc	/usr/sbin/vpnc	/usr/sbin/vpnc	vpnc
vpnc-connect	/usr/sbin/vpnc-connect	/usr/sbin/vpnc	vpnc
vpnc-disconnect	/usr/sbin/vpnc-disconnect	/usr/sbin/vpnc-disconnect	vpnc
wesside-ng	/usr/sbin/wesside-ng	/usr/sbin/wesside-ng	aircrack-ng
wifite	/usr/sbin/wifite	/usr/sbin/wifite	wifite
wipefs	/usr/sbin/wipefs	/usr/sbin/wipefs	util-linux
wpapcap2john	/usr/sbin/wpapcap2john	/usr/sbin/wpapcap2john	john
zic	/usr/sbin/zic	/usr/sbin/zic	libc-bin
zip2john	/usr/sbin/zip2john	/usr/lib/john/john-avx512bw-omp	john
zramctl	/usr/sbin/zramctl	/usr/sbin/zramctl	util-linux
